fname,date,tl,dtl,dtl_res,ti,dti,dti_res,rl,drl,drl_res,ri,dri,dri_res,lwp,dlwp,dlwp_res,iwp,diwp,diwp_res,twp,dtwp,dtwp_res,rms,ctemp,pwv,conv,cbase,ctop
results_simulation_2012012006_cld1_0002_ch2_R000P.nc.nc,/mnt/beegfs/user/phi.richter/RESULTS,0.8819226511630149,0.03854050547952535,0.31104832762956713,0.24894143478073064,0.026207809769994296,0.21151500994508882,50.12653985694351,0.5193835509879683,4.191781683271871,5.139545019716105,1.0119667134573707,8.1672658394407,29.471820616176103,1.5933055348559646,12.859069071711207,1.0438203653205638,0.10989154351435344,0.8869001691981028,30.515640981496666,1.703197078370318,13.74596924090931,1.0544192989765806,254.8000030517578,-1.0,1,3200.0,3200.0
results_simulation_2012012006_cld1_0002_ch2_R050P.nc.nc,/mnt/beegfs/user/phi.richter/RESULTS,0.9285662701908183,0.0222829018889856,0.1773595772748845,0.19449703929614337,0.018566701386181283,0.1477806762174831,42.88279483188968,0.6548383972980361,5.212151536939236,4.226303788740528,0.45858856198085185,3.650111367955392,26.5463445682706,1.042409305414178,8.297001650716375,0.7441779061439144,0.07103972831780143,0.5654369546183681,27.290522474414516,1.1134490337319796,8.862438605334743,1.0139342089174792,254.8000030517578,-1.0,1,3200.0,3200.0
results_simulation_2012021705_cld1_0002_ch2_R000HBR.nc.nc,/mnt/beegfs/user/phi.richter/RESULTS,0.7368855121829305,0.009096162105431724,0.07607842441094839,0.23642852105469,0.009473899560167134,0.0792377426007717,42.77775514955749,0.5691209445361222,4.760010239233077,2.454005942533749,0.2956619475922628,2.4728555703355233,21.014872008945108,0.5389935827035834,4.508031196499285,0.7611373448024215,0.030499894235529984,0.2550948269440014,21.77600935374753,0.5694934769391135,4.763126023443286,1.067054382329744,255.5,-1.0,1,1600.0,1600.0
results_simulation_2012021705_cld1_0002_ch2_R000SC.nc.nc,/mnt/beegfs/user/phi.richter/RESULTS,0.0006987620086749979,0.01794982986876223,0.1292478366728628,0.8801386894941886,0.017736912421784396,0.12771472356744643,15.488224377058463,0.5747591808292847,4.138556257813399,18.86958333209626,0.399760926614223,2.8784804830459536,0.007215055184348292,0.18560840827807729,1.3364742403482854,9.689357829780196,0.1952649183701714,1.40600598791013,9.696572884964544,0.3808733266482487,2.7424802282584153,0.9557289122684499,255.5,-1.0,1,1600.0,1600.0
results_simulation_2012021705_cld1_0002_ch2_R050SC.nc.nc,/mnt/beegfs/user/phi.richter/RESULTS,0.0,0.06418801196370894,0.46379494317539327,0.8940289553747413,0.06321962570806956,0.45679780095731,21.802481315269056,0.9600585349254801,6.9369696930723475,18.575396575561385,0.4571716870854232,3.303325810325201,0.0,0.9329719543353537,6.741253721798522,9.691944392395813,0.6853494013438963,4.952039748968966,9.691944392395813,1.61832135567925,11.693293470767488,0.9590176188069618,255.5,-1.0,1,1600.0,1600.0
results_simulation_2012021817_cld1_0001_ch2_singleLayer.nc.nc,/mnt/beegfs/user/phi.richter/RESULTS,0.33759154195943464,0.009763706864058686,0.06555341119348815,1.0648172660839035,0.008443670005468851,0.05669069950145268,4.377902399858059,0.21585993583929647,1.4492810293560157,12.030454798795173,0.20742570084010142,1.3926536763739221,0.9852952144773276,0.07707802953261722,0.5175009690771385,7.821900702620912,0.06202598334567019,0.41644171087383086,8.80719591709824,0.13910401287828741,0.9339426799509694,1.2153526387023612,255.10000610351562,-1.0,0,600.0,600.0
results_simulation_2012021817_cld1_0004_ch2_singleLayer.nc.nc,/mnt/beegfs/user/phi.richter/RESULTS,0.9686091759012344,0.09555911866430669,0.47438692709430025,0.3511579127070633,0.101700348740416,0.5048740151410088,13.038180780973853,0.8934985502496019,4.435620980401976,27.599382415133967,1.5069190135260975,7.480842123689823,8.419267694340263,1.4075786392279852,6.987683798682355,5.563394711641794,1.6112400620347986,7.99872615532419,13.982662405982058,3.018818701262784,14.986409954006545,0.6640512730463987,255.10000610351562,-1.0,1,600.0,600.0
results_simulation_2012021817_cld1_0007_ch2_R000P.nc.nc,/mnt/beegfs/user/phi.richter/RESULTS,1.0430918875157011,0.004903895068750692,0.03397891982389618,0.3335180147279048,0.004784195778357163,0.03314952756850782,49.794097236411844,0.826251986204534,5.725071519674913,25.715306965136268,1.1167120395558112,7.737659213029043,34.62654591564612,0.7373611811628111,5.109150196879611,4.925930485257608,0.07066174369114481,0.48961278531389707,39.55247640090373,0.8080229248539559,5.598762982193508,1.3119619941038834,255.10000610351562,-1.0,1,600.0,600.0
results_simulation_2012021817_cld1_0007_ch2_R000SC.nc.nc,/mnt/beegfs/user/phi.richter/RESULTS,0.0238673932955023,0.1310366613314576,0.6894081307986175,1.358868520709151,0.12986572248868178,0.6832476048002055,30.15009936341152,0.8383668672329131,4.41080327436412,28.979101945189825,0.7454284733207361,3.921837180635984,0.4797361862700108,2.647185327426211,13.927332014680307,22.604147280765517,2.160258927572305,11.365522092565074,23.083883467035527,4.807444254998516,25.292854107245383,0.6956260690939425,255.10000610351562,-1.0,1,600.0,600.0
results_simulation_2012021817_cld1_0007_ch2_R050P.nc.nc,/mnt/beegfs/user/phi.richter/RESULTS,1.3312739923466448,0.10566254423412602,0.6862851743144033,0.05753447688862627,0.10068504736206652,0.6539560047562517,48.163933753926216,0.9960335022461638,6.469303107043893,27.012233095224072,1.318758300040515,8.565421894597606,42.746261583805776,4.276744851873336,27.777739097997,0.8933867646298259,1.5634225961634944,10.154532589691389,43.6396483484356,5.840167448036831,37.932271687688385,1.1821180606640278,255.10000610351562,-1.0,1,600.0,600.0
results_simulation_2012021817_cld1_0007_ch2_R050SC.nc.nc,/mnt/beegfs/user/phi.richter/RESULTS,0.1579229012468525,0.1710049071191739,0.9051025071588484,1.2189614606787986,0.16676898568721488,0.8826824306079335,36.90977137395554,1.0322701802433791,5.463646300819162,28.898615606287432,0.7832590426408695,4.145668888642096,3.885932119822056,4.316514084885238,22.846640989626035,20.22131157845082,2.7665279603648245,14.642804322019948,24.107243698272875,7.083042045250062,37.48944531164598,0.7092418690074307,255.10000610351562,-1.0,1,600.0,600.0
results_simulation_2012021817_cld1_0007_ch2_singleLayer.nc.nc,/mnt/beegfs/user/phi.richter/RESULTS,0.0,0.05983726781703945,0.3249310731662638,1.4211051035834095,0.06178079619128102,0.3354849099875294,20.915279874946446,1.175011181624659,6.380599552022633,38.65604202644615,0.9616441737636935,5.221964250448993,0.0,0.8343421355636704,4.530682890226071,31.666890626243028,1.3766828231470825,7.4757261394772625,31.666890626243028,2.2110249587107527,12.006409029703335,0.6852680789166715,255.10000610351562,-1.0,1,600.0,600.0
results_simulation_2012021818_cld2_0001_ch2_singleLayer.nc.nc,/mnt/beegfs/user/phi.richter/RESULTS,0.0,0.05970583437959025,0.5997278794252169,0.5657477561884937,0.06060805491592852,0.6087904243951436,20.02454040185421,0.6024091955930974,6.051026556674314,24.41304526007986,0.2747554713433318,2.759839434478114,0.0,0.7970545951736806,8.006183434445736,7.929011704178824,0.8494284605016709,8.532263800239846,7.929011704178824,1.6464830556753514,16.538447234685584,1.2836020027024386,229.0,-1.0,1,6000.0,6000.0
results_simulation_2012021818_cld2_0006_ch2_singleLayer.nc.nc,/mnt/beegfs/user/phi.richter/RESULTS,0.0,0.0027524882409505585,0.028408687426076627,0.4970422746288776,0.0028364411051971347,0.02927517275503164,10.0,0.0,0.0,31.465986855360086,0.4583860005133346,4.731044592792009,0.0,0.018349921606337055,0.1893912495071775,9.051703722158965,0.05165549899146987,0.5331412148666992,9.051703722158965,0.07000542059780693,0.7225324643738766,1.2979504858157251,229.0,-1.0,1,6000.0,6000.0
results_simulation_2012042117_cld1_0003_ch2_singleLayer.nc.nc,/mnt/beegfs/user/phi.richter/RESULTS,0.0052418914725278,0.019987892681692546,0.17848133003479147,1.0964997692152236,0.01753547473029807,0.1565825323607877,7.24340186184741,1.2417960653111122,11.088583318825886,28.052997233014715,0.8905703894697281,7.9523234456699905,0.025312750967806618,0.10085979951356726,0.9006247657469185,17.628991211246152,0.2819297960590406,2.5174842480089854,17.65430396221396,0.3827895955726079,3.418109013755904,1.008508614085558,253.3000030517578,-1.0,1,300.0,300.0
results_simulation_2012042117_cld1_0004_ch2_R000HBR.nc.nc,/mnt/beegfs/user/phi.richter/RESULTS,0.4513159064086302,0.06358806941007898,0.7398328637716303,0.5146352191197537,0.00737461469531832,0.08580198077825126,1.590159968037744,0.1837330625372925,2.137692795009616,22.88668047506191,0.43239123399677,5.0307746073334085,0.47844299153978187,0.12269123738464313,1.427484909607554,6.7850407237050705,0.09722884843346818,1.1312357498048033,7.263483715244853,0.21992008581811132,2.5587206594123573,1.3680114718134733,253.3000030517578,-1.0,1,300.0,300.0
results_simulation_2012042117_cld1_0004_ch2_R000SC.nc.nc,/mnt/beegfs/user/phi.richter/RESULTS,0.3269931898476329,0.01561133451848457,0.17244829003826426,0.5070643204153739,0.009321323044597488,0.1029666117289211,3.115646312017594,0.17918320796446063,1.979320716012782,22.56041220007019,0.609260120226072,6.730101503948326,0.6791967506690977,0.07148739037174678,0.789674849021319,6.591985372297838,0.12118085022132247,1.3386062787461581,7.271182122966936,0.19266824059306925,2.128281127767477,1.2588726278388505,253.3000030517578,-1.0,1,300.0,300.0
results_simulation_2012042117_cld1_0004_ch2_R050P.nc.nc,/mnt/beegfs/user/phi.richter/RESULTS,0.35411567994346854,0.0021629326428524295,0.02173540861818766,0.3508510000013138,0.0019379851730517692,0.019474901251071115,10.491014715982184,0.2692147965948727,2.705351749805306,26.15640077094883,0.5760709965985739,5.788963676485085,2.47668853963131,0.07868302595525266,0.790689310693234,5.268343879998337,0.02910120414597468,0.2924393256000307,7.745032419629647,0.10778423010122734,1.0831286362932646,1.600626965534453,253.3000030517578,-1.0,1,300.0,300.0
results_simulation_2012042117_cld1_0004_ch2_R050SC.nc.nc,/mnt/beegfs/user/phi.richter/RESULTS,0.19545700256385784,0.029323196154165294,0.31997488762686666,0.517848800410024,0.030021355681874366,0.3275932084691737,7.631212467204966,1.0419794713798407,11.370086074907855,13.944263275480091,0.5629609870123397,6.143033576917765,0.9943826098452163,0.2849558161859598,3.109439529830134,4.3120109719009845,0.24998195269190354,2.727804527201051,5.3063935817462005,0.5349377688778634,5.837244057031185,1.2475788689644463,253.3000030517578,-1.0,1,300.0,300.0
results_simulation_2012042117_cld1_0004_ch2_singleLayer.nc.nc,/mnt/beegfs/user/phi.richter/RESULTS,0.19100553862322864,0.017593275215821123,0.19415909186326213,0.5241698019076352,0.018302359928427932,0.2019845389255609,7.357434581573065,0.9235846305448926,10.192664579259434,14.218180507740442,0.5656945395690678,6.242995504098361,0.9368738367590214,0.20390076753158498,2.250245469845959,4.4546359629740975,0.15554285456253972,1.7165683488270642,5.391509799733119,0.3594436220941247,3.9668138186730233,1.2520865691516214,253.3000030517578,-1.0,1,300.0,300.0
results_simulation_2012052705_cld1_0001_ch2_liqTopped.nc.nc,/mnt/beegfs/user/phi.richter/RESULTS,0.0,0.010879949462405895,0.1555126370075996,0.17055595091214884,0.010628726097535372,0.15192177400920673,19.35050789208366,0.5801362225301352,8.292181328693305,25.985694607964785,0.2958327113981835,4.228487018400761,0.0,0.1403550319585044,2.0061656731561976,2.542578752313033,0.15844886527647167,2.264790011676869,2.542578752313033,0.2988038972349761,4.2709556848330665,1.7176480194392056,261.3999938964844,-1.0,1,900.0,900.0
results_simulation_2012052705_cld1_0001_ch2_multiLayer.nc.nc,/mnt/beegfs/user/phi.richter/RESULTS,0.0,0.007398024791795193,0.10534646479601895,0.1658050464834819,0.007097349136220378,0.10106490069526577,11.574493194820093,0.6748506416124921,9.609744676450301,28.84684156909657,0.22034252303726576,3.137635585103068,0.0,0.05708559173849586,0.8128879599199171,2.7456294721944374,0.11752783659456537,1.6735740212837615,2.7456294721944374,0.17461342833306123,2.4864619812036786,1.7174822532253313,262.94000244140625,-1.0,1,500.0,900.0
results_simulation_2012052705_cld1_0001_ch2_singleLayer.nc.nc,/mnt/beegfs/user/phi.richter/RESULTS,0.0,0.002795950052250085,0.03982057622909503,0.16748932198406463,0.0026870073454953636,0.03826898865497542,10.0,0.0,0.0,29.59284540351559,0.2492787335364047,3.550286173063151,0.0,0.018639667015000565,0.26547050819396684,2.8416315797530447,0.045588006280148044,0.6492750747640053,2.8416315797530447,0.06422767329514861,0.914745582957972,1.7180979332337338,262.20001220703125,-1.0,1,800.0,800.0
results_simulation_2012052705_cld1_0001_ch2_thinBoundaries.nc.nc,/mnt/beegfs/user/phi.richter/RESULTS,0.0,0.0054855888500627776,0.07816299830191323,0.17209523420697886,0.005333032643409291,0.0759892570960869,12.246676749376242,0.4427519163670767,6.3086786547578395,30.460543671439048,0.19591229090888557,2.791512904117834,0.0,0.04478682228446758,0.6381579826437168,3.0152931126432216,0.09344056016420077,1.3314148298519788,3.0152931126432216,0.13822738244866833,1.9695728124956955,1.7174515166302475,261.3999938964844,-1.0,1,900.0,900.0
results_simulation_2012052705_cld1_0005_ch2_liqTopped.nc.nc,/mnt/beegfs/user/phi.richter/RESULTS,0.23842803524814946,0.04706011558853029,0.3990969414440918,0.8204881917456898,0.04426498864940398,0.37539265176263653,14.347564528085003,1.327461215767926,11.257637268272179,21.44144578124445,0.7237746919314834,6.138027121949872,2.2805744140182336,0.6611346764328291,5.606803637160633,10.168645025174733,0.5485957311764588,4.652408428320387,12.449219439192966,1.2097304076092878,10.25921206548102,0.9792713897459108,261.3999938964844,-1.0,1,900.0,900.0
results_simulation_2012052705_cld1_0005_ch2_singleLayer.nc.nc,/mnt/beegfs/user/phi.richter/RESULTS,0.13021290794127635,0.03693921499737469,0.31465080686416724,0.893967282961606,0.03338372016191678,0.284364854148125,11.510863971435407,1.4253830168187076,12.141511842207871,20.52928872332884,1.0321419207012623,8.791856788783004,0.999242047091382,0.4072036977309732,3.4685894667287687,10.635962929709267,0.3971851049547707,3.3832503954761814,11.63520497680065,0.804388802685744,6.85183986220495,0.9758721837316016,262.20001220703125,-1.0,1,800.0,800.0
results_simulation_2012052705_cld1_0005_ch2_thinBoundaries.nc.nc,/mnt/beegfs/user/phi.richter/RESULTS,0.16912132830753968,0.036765846175437725,0.3167788582078339,0.8916180298125953,0.033517758941316395,0.2887929562793262,12.651897454138952,1.129777456787012,9.73429554924909,21.05662842347926,0.8245530537887898,7.104446166276375,1.4264704687031724,0.4374847865400122,3.769420415407943,10.873107045861033,0.4087446165916143,3.521791728242436,12.299577514564206,0.8462294031316265,7.2912121436503785,0.9779949108476991,261.3999938964844,-1.0,1,900.0,900.0
results_simulation_2012062305_cld1_0001_ch2_multiLayer.nc.nc,/mnt/beegfs/user/phi.richter/RESULTS,0.978811300848532,0.07101577662193251,0.4507711088634409,0.2315014857390374,0.07452214925199292,0.47302773342949,11.430662249692688,0.5485328901414246,3.481800677242095,31.424266117143322,0.817243377709172,5.187434695567266,7.458974257454604,0.8991116991483099,5.707092098349387,4.209694569021071,1.355134368199802,8.601686144536604,11.668668826475674,2.254246067348112,14.30877824288599,0.7523016568870784,270.2142900739397,-1.0,1,1200.0,2800.0
results_simulation_2012062305_cld1_0002_ch2_multiLayer.nc.nc,/mnt/beegfs/user/phi.richter/RESULTS,1.1477421856046641,0.08280793800907912,0.43054022541646697,0.6614140419431219,0.09768789110503463,0.5079050108965345,7.999753530418262,0.7664938736169651,3.9852030259611944,21.819791708084935,1.0044698636409157,5.222502720313987,6.121103067533922,1.028120298795005,5.345467546238318,8.317491432137734,1.2284580313473674,6.387076051488877,14.438594499671655,2.2565783301423723,11.732543597727194,0.6101388883091091,270.2142900739397,-1.0,1,1200.0,2800.0
results_simulation_2012062305_cld1_0005_ch2_multiLayer.nc.nc,/mnt/beegfs/user/phi.richter/RESULTS,0.19687394405402825,0.011556982107484733,0.11126566190341769,0.006924465164830575,0.010433077976171906,0.10044519545954227,7.474613588509342,0.35937026330166055,3.4598626045088885,29.41407360871599,0.41529862344253027,3.998316843891713,0.9810377716331115,0.10475641107646481,1.0085497501549863,0.1168316389571055,0.17603000750222353,1.6947413362277164,1.097869410590217,0.28078641857868836,2.703291086382703,1.2050468934642655,270.2142900739397,-1.0,1,1200.0,2800.0
results_simulation_2012071805_cld1_0003_ch2_liqTopped.nc.nc,/mnt/beegfs/user/phi.richter/RESULTS,0.4182320272976827,0.023997971592386654,0.13599338210203174,0.8396688109774343,0.02126802241196823,0.12052311535125552,8.875864372606019,0.6818181058086858,3.863774479037236,19.265415714085766,0.6636859767127226,3.7610220630266675,2.4747805003828596,0.3321072731415391,1.8820086989989409,9.420040183737212,0.2386023668974363,1.3521285633251785,11.894820684120072,0.5707096400389754,3.2341372623241194,0.7625026266232724,272.3999938964844,-1.0,0,400.0,400.0
results_simulation_2012071805_cld1_0003_ch2_thinBoundaries.nc.nc,/mnt/beegfs/user/phi.richter/RESULTS,0.5446075552582927,0.06624573235590653,0.3667617612130235,0.7324831512359988,0.06793399601176976,0.3761086357934074,9.61730042466897,0.8318593135782139,4.605491947621287,21.450887526754332,0.6290083520598115,3.4824312874939323,3.491769648309005,0.7267613180037594,4.023629168148088,9.081401516997609,0.8422539640329348,4.663040716008136,12.573171165306613,1.5690152820366943,8.686669884156224,0.7515778494249685,272.3999938964844,-1.0,1,400.0,400.0
results_simulation_2012072705_cld1_0004_ch2_multiLayer.nc.nc,/mnt/beegfs/user/phi.richter/RESULTS,0.520099671959832,0.027683343130024105,0.2997097271660291,0.3579537355018929,0.029547631181596524,0.3198931732430192,6.2325745742941745,0.46420362609630506,5.025633698695691,23.82380247707104,0.6910574043259334,7.481633454955099,2.161039994370393,0.27598043611926815,2.987862442190362,4.888942175231647,0.40356304212343574,4.3691171503751205,7.04998216960204,0.6795434782427039,7.356979592565482,1.0833290542819367,274.1499938964844,-1.0,1,2000.0,3200.0
results_simulation_2012072705_cld1_0006_ch2_multiLayer.nc.nc,/mnt/beegfs/user/phi.richter/RESULTS,1.0956549409437335,0.06790869163948918,0.505225318165408,1.0767798221395068,0.05798291203072032,0.43137976114154286,3.9094519836273407,0.5616130718407323,4.1782743277237495,16.40679972199489,0.696852259677305,5.18442332063752,2.855606921495717,0.587213270864283,4.3687340227129265,10.410056171548577,0.5605676382442735,4.170496538038216,13.265663093044294,1.1477809091085565,8.539230560751143,0.7860963253582848,274.1499938964844,-1.0,0,2000.0,3200.0
results_simulation_2012072706_cld2_0003_ch2_singleLayer.nc.nc,/mnt/beegfs/user/phi.richter/RESULTS,0.5721096957310947,0.07351821896163489,0.6412950469015092,1.11651554613136,0.07972525271548982,0.6954386327842804,9.902455415814202,1.225238621210036,10.687683545006232,29.03873138043163,1.0399722001514338,9.071615584436463,3.776860503288129,0.9526545201974101,8.30994866088561,18.610048929351695,1.3288615223506006,11.591579942192991,22.386909432639825,2.2815160425480108,19.901528603078603,0.8414425460882288,260.1000061035156,-1.0,1,5000.0,5000.0
results_simulation_2012072706_cld2_0006_ch2_singleLayer.nc.nc,/mnt/beegfs/user/phi.richter/RESULTS,0.0,0.08729428897023749,1.0546912136628224,0.6151031611355733,0.08409589448178018,1.016048152305697,28.54110438102137,0.7809303486488486,9.435214914040948,28.4467088618835,0.5858801051730741,7.078614265322318,0.0,1.6609836089110603,20.068034679264482,10.04054544921802,1.3727279536048855,16.585324521172744,10.04054544921802,3.033711562515946,36.65335920043722,1.1716074177419131,260.1000061035156,-1.0,1,5000.0,5000.0
results_simulation_2012080206_cld2_0003_ch2_singleLayer.nc.nc,/mnt/beegfs/user/phi.richter/RESULTS,0.5128941489064603,0.044348136316905366,0.39444077518562903,0.0839527412415068,0.04556451159722006,0.4052594487157965,10.824059471100309,0.5934052985643126,5.27785980209822,28.665146026844113,0.8230358799778174,7.320237950569419,3.7010645134286024,0.5229206469935828,4.650955879787294,1.3813463462171944,0.7497121304158721,6.668082549718772,5.082410859645797,1.2726327774094548,11.319038429506065,1.0936276637282132,252.1999969482422,-1.0,1,6000.0,6000.0
results_simulation_2012080206_cld2_0004_ch2_singleLayer.nc.nc,/mnt/beegfs/user/phi.richter/RESULTS,0.4056058196324394,0.07731131692498086,0.5614434787244559,0.7802020546333762,0.07526435690897429,0.5465782248663205,9.671668383432724,1.019332412975989,7.402506627498826,20.656001905904454,1.054796550161586,7.660051180397384,2.615256654583587,0.7741177189519486,5.621729940163353,9.340416183937442,0.9010516226286369,6.543538224938375,11.955672838521028,1.6751693415805855,12.165268165101729,0.8491151427625867,252.1999969482422,-1.0,1,6000.0,6000.0
results_simulation_2012080221_cld1_0001_ch2_multiLayer.nc.nc,/mnt/beegfs/user/phi.richter/RESULTS,0.9424066449700729,0.02263333480376446,0.1860743220608701,0.11385682597464127,0.02499915970880272,0.20552436197485124,5.184608457740514,0.1929167845731927,1.586017271199879,35.57707884595389,0.6744480477022791,5.544806557653438,3.2573396414284677,0.1994340258390045,1.6395971462274581,2.330399096256359,0.5116781165638273,4.206634129636139,5.587738737684827,0.7111121424028318,5.846231275863597,0.9231387854373665,279.65833791097003,-1.0,1,0.0,1200.0
results_simulation_2012080221_cld1_0002_ch2_multiLayer.nc.nc,/mnt/beegfs/user/phi.richter/RESULTS,0.27303660226235293,0.019313585495678815,0.16519912596812508,0.20951915062366575,0.01814636308538021,0.15521526657366516,8.963352114569105,0.4325631424441198,3.699937180166899,30.35242065603457,0.41725000048833943,3.568955925159291,1.6315488041620165,0.19414669204631502,1.6606374742188554,3.6542318797618067,0.31649172398282044,2.7071180641111403,5.285780683923823,0.5106384160291355,4.3677555383299955,0.9975676948656592,279.65833791097003,-1.0,1,0.0,1200.0
results_simulation_2012082421_cld1_0001_ch2_singleLayer.nc.nc,/mnt/beegfs/user/phi.richter/RESULTS,0.014842546294883994,0.007384879987619149,0.08327140320275773,0.009628042043657718,0.006452274978790566,0.07275541271282787,9.422609671521169,0.3230697076469645,3.642911994936925,29.949625898891366,0.27675438858896384,3.1206636152463916,0.09323701351211641,0.04958667912439202,0.5591360127416556,0.16508877834863145,0.11063498254192208,1.2475125195025139,0.2583257918607479,0.1602216616663141,1.8066485322441694,1.4222469025420665,265.79998779296875,-1.0,1,3200.0,3200.0
results_simulation_2012082421_cld1_0005_ch2_singleLayer.nc.nc,/mnt/beegfs/user/phi.richter/RESULTS,1.3797629211365148,0.02298985859484347,0.15541810932041197,0.3230754323668785,0.022116869493745497,0.14951644990000973,13.746044226227262,0.37638815250584196,2.544493033383928,29.249365336484143,1.2968499609632105,8.76708171882188,12.644188090434032,0.5568973531880438,3.764787563218884,5.422470423388041,0.37120882608081845,2.5094792851605727,18.066658513822073,0.9281061792688623,6.274266848379456,0.9013464596184089,265.79998779296875,-1.0,1,3200.0,3200.0
results_simulation_2012082421_cld1_0006_ch2_singleLayer.nc.nc,/mnt/beegfs/user/phi.richter/RESULTS,0.20503416104291627,0.01882510495340246,0.1573596322804932,0.6005604701090265,0.018237823995055115,0.15245053265636757,9.216296039006844,0.6434082353468168,5.378269261766682,33.73681936393432,0.6057439380514823,5.063432240290963,1.2597703508539468,0.20361227197224596,1.702001254423679,11.698349536943798,0.35525653309282723,2.9696003050769826,12.958119887797745,0.5588688050650732,4.671601559500662,1.0259894725740786,265.79998779296875,-1.0,1,3200.0,3200.0
results_simulation_2012090721_cld1_0006_ch2_liqTopped.nc.nc,/mnt/beegfs/user/phi.richter/RESULTS,1.1471829778674072,0.003204398516101919,0.019943773960092937,0.4396564867353318,0.002893455980754466,0.018008506667842525,15.984886251523587,0.3020581926473475,1.8799722589689594,28.872472509512775,1.308234346868925,8.142286288574045,12.225059607263068,0.2651586418099141,1.6503140883535405,7.286891219032552,0.04795795562157166,0.29848429329205584,19.51195082629562,0.3131165974314858,1.9487983816455965,0.8447020416248934,267.5,-1.0,1,800.0,800.0
results_simulation_2012090721_cld1_0006_ch2_multiLayer.nc.nc,/mnt/beegfs/user/phi.richter/RESULTS,0.4514933436889458,0.040540662238707906,0.25342620127096904,1.1419033989178506,0.04646729706397565,0.2904745489581407,6.038292559364969,0.8267924998403314,5.168412919357915,27.176769580128514,1.0190739960195174,6.370395483541665,1.8174992651998478,0.4120584596250477,2.575843717339114,17.83527943094884,0.7257715506138667,4.536914714900701,19.65277869614869,1.1378300102389143,7.112758432239815,0.6983210940567018,268.55999755859375,-1.0,1,400.0,800.0
results_simulation_2012090721_cld1_0006_ch2_singleLayer.nc.nc,/mnt/beegfs/user/phi.richter/RESULTS,0.39810054433917447,0.02115536188564304,0.13852124710301425,1.1967802786093042,0.023605379355135077,0.15456349100944092,6.194970105579075,0.5432117393873054,3.5568461550162653,29.003542618571693,0.7488279606871574,4.903181687021233,1.6441473141306284,0.23153981573052107,1.5160782501555867,19.924325370227518,0.39299136983617305,2.5732320224393024,21.568472684358145,0.6245311855666942,4.089310272594889,0.7221263410078029,267.79998779296875,-1.0,1,700.0,700.0
results_simulation_2012090721_cld1_0006_ch2_thinBoundaries.nc.nc,/mnt/beegfs/user/phi.richter/RESULTS,0.47660601945509795,0.02878928725763883,0.18831308476995806,1.2047385418549563,0.03450064665373907,0.2256715541368628,5.989598835364617,0.6111721084381255,3.9977267945320443,35.29028723279192,0.74831609103213,4.894796811889347,1.9031192393706804,0.3091497248226702,2.0221736584219765,24.413716144412845,0.6991495443410144,4.57319440499289,26.316835383783527,1.0082992691636847,6.595368063414867,0.7339623667536982,267.5,-1.0,1,800.0,800.0
results_simulation_2012090722_cld2_0002_ch2_singleLayer.nc.nc,/mnt/beegfs/user/phi.richter/RESULTS,0.3777810848952655,0.020923473093630716,0.2714549826968157,0.5888696577743765,0.014308610321453119,0.1856356996682306,1.945036962306862,0.16841959665289893,2.1850262855803995,37.58259952241668,0.57455743739602,7.4541391158497925,0.4898654491877853,0.06954844432540003,0.9023010504259412,12.788459559189677,0.3107404961966333,4.031455755016815,13.278325008377463,0.3802889405220333,4.933756805442756,1.3673495526456174,234.89999389648438,-1.0,1,7000.0,7000.0
results_simulation_2012090722_cld2_0008_ch2_singleLayer.nc.nc,/mnt/beegfs/user/phi.richter/RESULTS,0.7082817369844174,0.0353230847342125,0.3648900865003394,0.6135023973704695,0.04317503138612997,0.44600127807866696,6.9349213191721395,0.6018089158816744,6.216730759079193,27.277043872063295,1.7761813120322205,18.34808475716134,3.2745854118623403,0.44747538510373047,4.622453933620557,9.61562203843256,0.6766993446861818,6.990354445972446,12.8902074502949,1.1241747297899123,11.612808379593002,1.116002890543744,234.89999389648438,-1.0,1,7000.0,7000.0
results_simulation_2012091721_cld1_0002_ch2_singleLayer.nc.nc,/mnt/beegfs/user/phi.richter/RESULTS,0.0,0.021034806649017475,0.17814845444345226,0.2687451076436112,0.01982692941421896,0.16791867357941773,13.90684452987701,0.7616333875426369,6.450442502621693,28.34062875174212,0.32472202700212327,2.7501430462102836,0.0,0.19501852385593946,1.6516552394553115,4.369389672944401,0.3223561942982588,2.730106283015937,4.369389672944401,0.5173747181541982,4.3817615224712485,1.247909523699148,271.3999938964844,-1.0,1,900.0,900.0
results_simulation_2012091721_cld1_0004_ch2_singleLayer.nc.nc,/mnt/beegfs/user/phi.richter/RESULTS,0.00105665615506106,0.01089363967487891,0.10250016737687166,0.08437988145790393,0.009765070795603969,0.0918812647442861,11.236097926486568,0.5342812195668621,5.027145753517977,29.892591260418797,0.451761010313903,4.250698623555714,0.00791512802192723,0.08197770246799173,0.771342588420425,1.4444443782314123,0.16716200736488182,1.5728566618066238,1.4523595062533394,0.24913970983287353,2.3441992502270486,1.4025966429497383,271.3999938964844,-1.0,1,900.0,900.0
results_simulation_2012091721_cld1_0005_ch2_singleLayer.nc.nc,/mnt/beegfs/user/phi.richter/RESULTS,0.0,0.19775547257177245,1.0665737265380093,1.01516853920822,0.1931000288940184,1.0414650716548035,20.769868700810257,0.8602553779119461,4.639698574515582,23.677342915399866,0.5240321549116428,2.8263133304035506,0.0,2.7382368001215984,14.768397506618903,13.794915521263388,2.62399783875459,14.15226146165145,13.794915521263388,5.362234638876188,28.920658968270352,0.8081876007866141,271.3999938964844,-1.0,1,900.0,900.0
results_simulation_2012091917_cld1_0001_ch2_singleLayer.nc.nc,/mnt/beegfs/user/phi.richter/RESULTS,0.1410203833839666,0.0365870576301323,0.3291840552798433,0.8148598355932154,0.012923165942287254,0.11627336133291276,3.383144398190234,0.5078308448330043,4.569097044869764,12.265639210288688,0.3518363146316534,3.165570350477613,0.31806154671740383,0.13026253300013285,1.172008673053086,6.095370759971832,0.09666968627741446,0.8697643760568903,6.413432306689236,0.2269322192775473,2.0417730491099766,1.0211332333448417,268.0,-1.0,1,800.0,800.0
results_simulation_2012092117_cld1_0002_ch2_multiLayer.nc.nc,/mnt/beegfs/user/phi.richter/RESULTS,0.32630857626604587,0.015545341351339783,0.13125127960375763,0.2407863223798215,0.01781978642443405,0.15045470650093257,8.015228736221443,0.5110979584661307,4.315264588626502,30.46131818560168,0.49512037695053834,4.180363850746333,1.7436252515754116,0.1942500759154639,1.6400779147145808,4.218971653727214,0.31223229174337735,2.636216658015044,5.962596905302626,0.5064823676588412,4.276294572729625,1.106922497321271,271.7833302815755,-1.0,1,200.0,700.0
results_simulation_2012092118_cld2_0004_ch2_singleLayer.nc.nc,/mnt/beegfs/user/phi.richter/RESULTS,0.0,0.003483843009533639,0.04298307775990704,0.04007869286937124,0.0034570178159585834,0.04265211296665836,9.902575977650228,0.40539966184505866,5.001753850917295,29.421944568467392,0.3905263373887646,4.818249238366227,0.0,0.022999346730741655,0.28376212884715146,0.6763869650367721,0.05834231038241038,0.7198177578602983,0.6763869650367721,0.08134165711315204,1.00357988670745,1.5749723786443766,226.3000030517578,-1.0,1,8000.0,8000.0
results_simulation_2012092517_cld1_0004_ch2_singleLayer.nc.nc,/mnt/beegfs/user/phi.richter/RESULTS,0.2349628018262246,0.047156989453608654,0.5917254868383541,0.22164338601927572,0.04686935647474837,0.5881162707620332,17.87200542004073,0.572781700605422,7.187259716319897,30.19483269949186,0.519429508385556,6.517796879930588,2.7995043118308276,0.651581576211158,8.176039858900387,3.8393474773146945,0.8118799809722647,10.18746282494851,6.638851789145522,1.4634615571834226,18.363502683848896,1.3810607905530845,270.70001220703125,-1.0,1,400.0,400.0
results_simulation_2012100505_cld1_0002_ch2_multiLayer.nc.nc,/mnt/beegfs/user/phi.richter/RESULTS,0.07822110026407804,0.016126530578908112,0.13133066325925066,0.3456481549549147,0.014618960416524789,0.11905336726139919,10.16586634031261,0.4852589120319576,3.9518341814308786,30.47954074347237,0.4826273518145881,3.930403375402096,0.530123500184539,0.13459842694015545,1.0961378578739076,6.060943673443779,0.2563441404341387,2.0876062474261823,6.591067173628318,0.39094256737429417,3.18374410530009,1.1628860820786995,271.0799987792969,-1.0,1,200.0,600.0
results_simulation_2012100505_cld1_0003_ch2_multiLayer.nc.nc,/mnt/beegfs/user/phi.richter/RESULTS,0.0,0.01385485015829988,0.13382594133982115,0.16509183427982907,0.01326323631424955,0.12811146022417547,15.387505670248492,0.4031730800645478,3.894305340443608,28.318670242833083,0.1956486186856285,1.8897974549190533,0.0,0.14212772358085507,1.3728316207952267,2.6819068457938573,0.2154605662213082,2.0811638355326445,2.6819068457938573,0.3575882898021633,3.4539954563278714,1.3746674049440695,271.0799987792969,-1.0,1,200.0,600.0
results_simulation_2012100505_cld1_0005_ch2_multiLayer.nc.nc,/mnt/beegfs/user/phi.richter/RESULTS,0.0,0.012059449441258512,0.04796482847121811,1.5790884232989693,0.01113119143774237,0.044272807858456144,8.92330373265635,0.5161826097746937,2.0530464892504328,40.23294664669089,0.7129872591367545,2.835810353800816,0.0,0.07174008680864173,0.2853364886222947,36.45018848947232,0.25694545990696027,1.0219658012521542,36.45018848947232,0.328685546715602,1.3073022898744489,0.6223373202793885,271.0799987792969,-1.0,1,200.0,600.0
results_simulation_2012101217_cld1_0003_ch2_multiLayer.nc.nc,/mnt/beegfs/user/phi.richter/RESULTS,0.001211188833490276,0.024697482905968873,0.2779187812114201,0.524505840498171,0.024369202769133413,0.27422467133501727,24.687711962778426,0.5574077348391517,6.2724642383243,31.945259501532284,0.5731937469183039,6.45010295778127,0.019934320702494353,0.4069329801415611,4.579183972158601,9.708141717311351,0.4510533930569793,5.075667416673271,9.728076038013846,0.8579863731985404,9.654851388831872,1.4068558093792276,262.7249984741211,-1.0,1,800.0,1200.0
results_simulation_2012101217_cld1_0004_ch2_multiLayer.nc.nc,/mnt/beegfs/user/phi.richter/RESULTS,0.14741502352235708,0.09587476278926234,0.6210822700234078,1.3354919633623203,0.08983745935049368,0.5819722684392316,26.34272713613252,2.1967122648428337,14.230429367900873,15.784112971859473,0.33108986155003883,2.1448193123067023,2.5888758269440064,1.8996207370617506,12.305853232212504,12.440978362783053,0.8368957314214507,5.421459052646006,15.02985418972706,2.7365164684832015,17.72731228485851,0.7320628693712511,262.7249984741211,-1.0,1,800.0,1200.0
results_simulation_2012102322_cld1_0005_ch2_liqTopped.nc.nc,/mnt/beegfs/user/phi.richter/RESULTS,0.1872373981848108,0.012005517303555082,0.12777248713438313,0.6109061002623182,0.013052692012857737,0.13891737274728413,7.676511517418726,0.6149075621978616,6.544346785997758,35.89236954625624,0.6719123119195477,7.15103773202272,0.9582200291048107,0.13819612261560182,1.4707956227504513,12.63555510733404,0.2699740186755874,2.873283254327529,13.59377513643885,0.4081701412911892,4.344078877077981,1.1705550543271688,263.8999938964844,-1.0,1,1000.0,1000.0
results_simulation_2012102322_cld1_0005_ch2_multiLayer.nc.nc,/mnt/beegfs/user/phi.richter/RESULTS,0.2436385323698298,0.017998062690397464,0.18899849117028333,0.5292177450169206,0.018077588964024338,0.18983360025854615,11.463093941458586,0.594605083553782,6.243975563759043,36.25873837037414,0.6353701845080991,6.67205177981094,1.8619009228763048,0.2341214621873136,2.458520334390815,11.07339655348718,0.37825800016164984,3.972104805579041,12.935297476363486,0.6123794623489635,6.430625139969856,1.1669877983773482,265.3399963378906,-1.0,1,600.0,1000.0
results_simulation_2012102322_cld1_0005_ch2_singleLayer.nc.nc,/mnt/beegfs/user/phi.richter/RESULTS,0.2003913269736739,0.0179596728300275,0.19066045499923015,0.5743744957826392,0.01978587996876854,0.21004752776444574,10.21675095981209,0.8916794505910166,9.466097259795486,31.829979175913838,0.7674950411971515,8.147751640533516,1.364898854797534,0.24144955530878986,2.5632361185092467,10.590955000213087,0.3648353416863546,3.8731035305621124,11.955853855010622,0.6062848969951444,6.436339649071359,1.1652886470919426,264.6000061035156,-1.0,1,900.0,900.0
results_simulation_2012102322_cld1_0005_ch2_thinBoundaries.nc.nc,/mnt/beegfs/user/phi.richter/RESULTS,0.28818121406727754,0.02620302120312764,0.2799899710802392,0.512007033632525,0.02667074675727686,0.28498780943500496,12.986002547245382,0.670093935593278,7.160227066694544,36.40684621124295,0.8539906751464735,9.125238749511626,2.494881319963955,0.35558732265848747,3.7995956044857078,10.76168194926737,0.560583631120323,5.990064788662612,13.256563269231325,0.9161709537788104,9.78966039314832,1.1729540064742012,263.8999938964844,-1.0,1,1000.0,1000.0
results_simulation_2012102421_cld1_0002_ch2_multiLayer.nc.nc,/mnt/beegfs/user/phi.richter/RESULTS,0.49841878825886976,0.044118097200579055,0.3494537421732116,0.4857945664752355,0.044750262135386895,0.35446103886452,11.529487456877721,0.6318378588601551,5.004705965027264,30.800255359237962,0.875627559547997,6.9357326550798755,3.8310087783352205,0.5490526055230303,4.3489746798839,8.630059059830222,0.7949822381184916,6.296951493821355,12.461067838165443,1.3440348436415217,10.645926173705256,0.9805146131046389,268.3666585286458,-1.0,1,300.0,500.0
results_simulation_2012102421_cld1_0002_ch2_singleLayer.nc.nc,/mnt/beegfs/user/phi.richter/RESULTS,0.2179919895785752,0.032091285749691986,0.2666008734356248,0.7535071778316308,0.02591006230090723,0.21524987481249871,7.991727514812474,0.6441068494310003,5.350968171969281,20.467766833884944,0.7815773887827725,6.493015460093306,1.161421720749209,0.2645832966134496,2.198046489125157,8.937134786091733,0.3073136743316365,2.553032453562937,10.098556506840941,0.5718969709450861,4.751078942688094,0.9562362372708381,268.29998779296875,-1.0,1,500.0,500.0
results_simulation_2012102421_cld1_0002_ch2_thinBoundaries.nc.nc,/mnt/beegfs/user/phi.richter/RESULTS,0.7396099719527823,0.006564418424180366,0.052038990153014594,0.25615909324011926,0.006414259329970978,0.05084861392773253,13.400784632502642,0.29709177332459136,2.355175259643879,28.490813518296942,0.8054809439172606,6.385396572916498,6.60756929746037,0.20513359711738455,1.6261829381750468,4.188208929960809,0.10487394054418787,0.8313811836222581,10.795778227421179,0.3100075376615724,2.4575641217973048,0.9851832766022688,268.29998779296875,-1.0,1,500.0,500.0
results_simulation_2012102421_cld1_0006_ch2_multiLayer.nc.nc,/mnt/beegfs/user/phi.richter/RESULTS,0.012970364364521713,0.09654155010167312,0.7157021423216828,1.0787714549834244,0.09044679550147466,0.6705192245034679,17.401217240059726,0.7708762602178916,5.714822170576589,15.558128670648898,0.2569112882065251,1.9045888445170793,0.150466751993181,1.1266260213242063,8.352141189031046,9.944380190135462,0.8337615589463943,6.181016705190221,10.094846942128642,1.9603875802706006,14.533157894221269,0.886585899271313,268.3666585286458,-1.0,1,300.0,500.0
results_simulation_2012102422_cld2_0002_ch2_singleLayer.nc.nc,/mnt/beegfs/user/phi.richter/RESULTS,0.0450784502754446,0.02107270430413989,0.281104605341871,0.26914266579841034,0.020779943150815713,0.27719924477320135,11.707199182986447,0.5053433677645477,6.741154144590618,29.10365160314339,0.45201596396272364,6.029779914531625,0.3518282641566534,0.17965496165902758,2.396552258598743,4.495775981099784,0.3471098199990303,4.630358190047118,4.847604245256437,0.5267647816580578,7.026910448645861,1.5775831819357256,244.10000610351562,-1.0,1,6000.0,6000.0
results_simulation_2012102422_cld2_0004_ch2_R000SC.nc.nc,/mnt/beegfs/user/phi.richter/RESULTS,0.0721825385535766,0.022833854989751816,0.24651326683416175,0.7382121169251737,0.02219252294507425,0.23958947505525033,9.407925847521232,0.6792153953700129,7.3327787214145985,33.17511424126228,0.765806648134017,8.267613974055804,0.45272531346526074,0.1758978040127443,1.8989847450462427,14.171414153243097,0.4260301140011671,4.599401862685627,14.624139466708357,0.6019279180139114,6.49838660773187,1.3116981965201688,244.10000610351562,-1.0,1,6000.0,6000.0
results_simulation_2012102422_cld2_0004_ch2_R050P.nc.nc,/mnt/beegfs/user/phi.richter/RESULTS,0.0,0.018632426964433176,0.19747205619279531,0.7826512137061311,0.018070281325435467,0.19151426790120082,10.0,0.0,0.0,27.333678652880216,0.5451192112025575,5.777337096871236,0.0,0.12421617976288785,1.3164803746186353,12.290528441800735,0.2837716750853214,3.0074974277553523,12.290528441800735,0.40798785484820926,4.323977802373988,1.5360906073247418,244.10000610351562,-1.0,1,6000.0,6000.0
results_simulation_2012102422_cld2_0004_ch2_singleLayer.nc.nc,/mnt/beegfs/user/phi.richter/RESULTS,0.0,0.057438541114449175,0.6286399722349872,0.8135550291335804,0.058018501328575875,0.6349873857631188,19.659462457004178,0.5553488602331638,6.07805291193033,32.36950519007261,0.44013001734087803,4.817032544918726,0.0,0.752807228416403,8.239149288750587,15.260815607437832,1.0883228053727179,11.911222062360167,15.260815607437832,1.841130033789121,20.150371351110756,1.291204711117271,244.10000610351562,-1.0,1,6000.0,6000.0
results_simulation_2012102805_cld1_0001_ch2_liqTopped.nc.nc,/mnt/beegfs/user/phi.richter/RESULTS,0.2193983476074589,0.023196234534453984,0.19739368213219086,0.9410561060084367,0.022964170122183773,0.19541887674893696,9.073871340057313,0.7059550522661183,6.007486559064165,29.931805019860093,0.6522050353511657,5.550088452584821,1.3271949189408352,0.2435766797945022,2.072771666226911,16.127667092000472,0.3935578938609242,3.3490712333507813,17.45486201094131,0.6371345736554264,5.421842899577692,0.9420988546803573,264.29998779296875,-1.0,1,800.0,800.0
results_simulation_2012102805_cld1_0001_ch2_multiLayer.nc.nc,/mnt/beegfs/user/phi.richter/RESULTS,0.26061788971931343,0.03107183265440846,0.2568631211478513,0.8657361317350915,0.035388410722556884,0.2925471996376875,9.675390516637485,1.2649770437994643,10.457250953448742,34.96107470955163,0.8932360139987876,7.384160214471341,1.6810532391042126,0.4202051751316016,3.4737317881206105,17.345456100915868,0.7090264735360607,5.861345708010159,19.02650934002008,1.1292316486676623,9.335077496130769,0.9416879891774299,265.7199951171875,-1.0,1,400.0,800.0
results_simulation_2012102805_cld1_0001_ch2_thinBoundaries.nc.nc,/mnt/beegfs/user/phi.richter/RESULTS,0.2115847403858074,0.012630594815494387,0.10879448667423976,1.0006032007101564,0.014653341414849202,0.126217551950541,4.842753944473504,0.7102678663731284,6.117940528697691,35.6336384095333,0.9637355161380694,8.301201352714816,0.6831018907291806,0.14096580331648115,1.2142185252926363,20.519415694106677,0.3004997230642073,2.5883747831429402,21.202517584835856,0.4414655263806885,3.8025933084355765,0.9362253494776765,264.29998779296875,-1.0,1,800.0,800.0
results_simulation_2012102805_cld1_0003_ch2_multiLayer.nc.nc,/mnt/beegfs/user/phi.richter/RESULTS,0.09563789415509778,0.00676947290008102,0.0867222954240982,0.3330042763533213,0.006346204632583249,0.08129989455487419,7.644254410522119,0.41511337614132604,5.317930268956689,30.577562426989108,0.5661903956241127,7.253346232468656,0.4873869294721025,0.060965428135415806,0.7810152943152902,5.862985478290503,0.11173401374988987,1.4314009808979704,6.350372407762606,0.17269944188530567,2.2124162752132603,1.4305283176334822,265.7199951171875,-1.0,1,400.0,800.0
results_simulation_2012110621_cld1_0001_ch2_liqTopped.nc.nc,/mnt/beegfs/user/phi.richter/RESULTS,0.08038045418222818,0.1342025948734345,1.0201151583451444,1.3840501207327431,0.12914171297004054,0.9816458400050952,32.394699375968294,1.3446973111745488,10.221457430154752,26.20760208681044,0.6860785884507647,5.215094153393353,1.73593376595805,2.9703600646730703,22.578619516066258,20.82784541545645,1.943388864493869,14.772295879219154,22.563779181414503,4.913748929166939,37.35091539528541,0.7937199953973354,258.3999938964844,-1.0,1,1600.0,1600.0
results_simulation_2012110621_cld1_0001_ch2_multiLayer.nc.nc,/mnt/beegfs/user/phi.richter/RESULTS,0.2557811468300464,0.03205376327920992,0.23202579779329002,1.1509835694164645,0.03089938144505436,0.2236696380595669,13.725106644314197,0.7755713099691706,5.614085010040026,35.16758990173887,1.0905914865826125,7.894404084060422,2.3404156785649164,0.42554522564743613,3.0803706141429315,23.221932957426304,0.6234215179790087,4.5127267525683425,25.56234863599122,1.048966743626445,7.593097366711274,0.7815034357291171,260.5,-1.0,1,1000.0,1600.0
results_simulation_2012110621_cld1_0001_ch2_singleLayer.nc.nc,/mnt/beegfs/user/phi.richter/RESULTS,0.17381377737713613,0.11281309810908685,0.8629060246708015,1.223801610846177,0.10831158824949347,0.8284740301323475,27.126694017969772,1.1207954049282487,8.572950513252813,26.037659507366484,0.7657659452978414,5.857334465243394,3.143328770011392,2.1700373844146124,16.59858973965549,18.28277276178838,1.6181051151708505,12.376866479470447,21.426101531799773,3.788142499585463,28.975456219125938,0.7972000194271551,259.8999938964844,-1.0,1,1400.0,1400.0
results_simulation_2012110621_cld1_0001_ch2_thinBoundaries.nc.nc,/mnt/beegfs/user/phi.richter/RESULTS,0.10093253068253155,0.023486352989890772,0.17532940262473584,1.3789006383522557,0.021990738689723618,0.1641644013187353,10.064934316292433,1.1579582898893972,8.644344880537915,30.115158158139884,1.00817197287629,7.526165932338877,0.6772528611312338,0.23550950719724156,1.7581163506786892,23.801299722804693,0.3795881813981754,2.8336868272651072,24.478552583935926,0.6150976885954169,4.591803177943796,0.7850130807792404,258.3999938964844,-1.0,1,1600.0,1600.0
results_simulation_2012110621_cld1_0004_ch2_multiLayer.nc.nc,/mnt/beegfs/user/phi.richter/RESULTS,0.9251703536052396,0.04517571655294657,0.4170447249931247,0.1199990523859104,0.04177748307877116,0.385673549219102,49.33378537088089,0.8332951305096797,7.692658026447007,17.033930794688867,1.0172118054519184,9.39050556436133,30.42810377084191,1.999752703299988,18.460942732907345,1.2028456010529898,0.41876918271964975,3.8659149642535278,31.6309493718949,2.418521886019638,22.32685769716087,1.0598389029231068,260.5,-1.0,1,1000.0,1600.0
results_simulation_2012110621_cld1_0006_ch2_multiLayer.nc.nc,/mnt/beegfs/user/phi.richter/RESULTS,0.2019497838324472,0.023497040135464015,0.17494385111272306,1.1829030852475395,0.025371892683133446,0.18890279756158876,10.353783034843321,1.2334941112138547,9.183803955585141,30.88309988890999,0.6828850076821179,5.084322639034892,1.3939628304897784,0.3282580830945563,2.4439986008607066,21.082373717068016,0.45219486424561817,3.366752175952788,22.476336547557793,0.7804529473401745,5.810750776813494,0.7821554059379464,260.5,-1.0,1,1000.0,1600.0
results_simulation_2012110917_cld1_0001_ch2_singleLayer.nc.nc,/mnt/beegfs/user/phi.richter/RESULTS,0.3148787900660395,0.02196394232943164,0.15890042426759646,1.1350352811262676,0.023700346717458954,0.1714626223383832,8.872145991075984,0.6459194719080574,4.672971572656108,34.980772316191285,0.7730968576194949,5.593049591605908,1.8624337299728457,0.26550242978719685,1.9208049313046545,22.750489161763763,0.47504869192487104,3.4367891502555263,24.61292289173661,0.7405511217120679,5.357594081560181,0.7718114769653481,259.70001220703125,-1.0,1,1400.0,1400.0
results_simulation_2012110917_cld1_0003_ch2_singleLayer.nc.nc,/mnt/beegfs/user/phi.richter/RESULTS,0.0,0.017914796134830085,0.23026704131456704,0.486162963435495,0.01665852466575306,0.21411961144178973,11.736655453282093,0.47599819623229156,6.118221803505889,12.893184400922916,0.21088624947659138,2.7106170985942355,0.0,0.1401731931668603,1.801709950770497,3.7867708724699445,0.12975518151623022,1.667802497896542,3.7867708724699445,0.2699283746830905,3.469512448667039,1.3902923540962446,259.70001220703125,-1.0,1,1400.0,1400.0
results_simulation_2012110917_cld1_0004_ch2_singleLayer.nc.nc,/mnt/beegfs/user/phi.richter/RESULTS,0.20802052112200387,0.012380716771326516,0.12128236184298853,0.7275169478319008,0.012982885685698178,0.12718125037362396,10.842443718498293,0.6143783076263667,6.018492595404094,32.578245575036036,0.7782510098813795,7.62380097440769,1.5036338617053413,0.17469368033751148,1.711311432262686,13.732613428236052,0.24506663095273457,2.4006897467913837,15.236247289941392,0.41976031129024605,4.11200117905407,1.0349071504470353,259.70001220703125,-1.0,1,1400.0,1400.0
results_simulation_2012111820_cld1_0006_ch2_multiLayer.nc.nc,/mnt/beegfs/user/phi.richter/RESULTS,0.0,0.007535462343619875,0.1009590047553008,0.03606507704781328,0.007709571068219339,0.10329168757597197,8.92029859300111,0.30652096661027717,4.106722363466891,31.704829839211026,0.3710703787156257,4.971545795198777,0.0,0.04481238276093682,0.6003896453796679,0.6622244901068844,0.1415626591777245,1.8966354723008712,0.6622244901068844,0.18637504193866133,2.497025117680539,1.4075494933884218,253.5,-1.0,1,300.0,500.0
results_simulation_2012111905_cld1_0001_ch2_multiLayer.nc.nc,/mnt/beegfs/user/phi.richter/RESULTS,0.11882116926075685,0.010410263769297592,0.11409270834246181,0.1610004826831946,0.011064260713027654,0.12126027721597268,8.185192817618343,0.599897186801336,6.574655194717151,29.301385065577865,0.8203807842068672,8.991075309573024,0.6483827874761069,0.10432700093729366,1.1433860230599624,2.7067467041578865,0.1860131749358342,2.0386368094150042,3.3551294916339933,0.2903401758731279,3.1820228324749666,1.1433132040132925,253.375,-1.0,1,300.0,600.0
results_simulation_2012111905_cld1_0002_ch2_multiLayer.nc.nc,/mnt/beegfs/user/phi.richter/RESULTS,0.0,0.004177954106611003,0.04010825447428041,0.4891508106610786,0.004345881905686324,0.04172035712709825,10.0,0.0,0.0,31.022624223099626,0.46172081986851027,4.4325082724236395,0.0,0.027853027377406688,0.26738836316186937,8.76477835597446,0.07787175745685915,0.7475669154663479,8.76477835597446,0.10572478483426584,1.0149552786282172,1.0265801812746564,253.375,-1.0,1,300.0,600.0
results_simulation_2012111905_cld1_0003_ch2_multiLayer.nc.nc,/mnt/beegfs/user/phi.richter/RESULTS,0.18726288827841484,0.00956126142478547,0.09101573268092321,0.3278414408085857,0.010243224325968742,0.09750748626392874,4.7506975298902985,0.3285085079529792,3.1271441303497416,28.6326877374151,0.6241810345170115,5.941715392786377,0.5930862271895921,0.07129340870444748,0.6786575055604012,5.387982057553984,0.16834511311873762,1.602513845509521,5.981068284743576,0.2396385218231851,2.281171351069922,1.0060759302794786,253.375,-1.0,1,300.0,600.0
results_simulation_2012112205_cld1_0001_ch2_multiLayer.nc.nc,/mnt/beegfs/user/phi.richter/RESULTS,0.49996760003853224,0.02415980833328599,0.20678699367311335,0.21643208401937095,0.024512115542212436,0.20980243765256304,14.40538561771307,0.3944508605144755,3.3761570651693558,28.33351981566424,0.6278113530611124,5.373520373276059,4.801484049945063,0.363496003703719,3.111210353209765,3.5179104368382497,0.39842297263823284,3.4101548979862932,8.319394486783313,0.7619189763419518,6.521365251196058,1.244928907732636,253.0799987792969,-1.0,1,200.0,600.0
results_simulation_2012112205_cld1_0005_ch2_multiLayer.nc.nc,/mnt/beegfs/user/phi.richter/RESULTS,0.42642873061119546,0.02486763083732441,0.2425161866225367,0.0699025888431582,0.025022762163081545,0.24402907129556517,14.473224765493123,0.4019040980505376,3.91948271569538,28.53329285209853,0.489286988061764,4.7716654346768745,4.114532576399832,0.35419884323535483,3.454247544909834,1.1446945233793322,0.40976201726524253,3.9961153718259315,5.259227099779165,0.7639608605005974,7.450362916735766,1.177470049760994,253.0799987792969,-1.0,1,200.0,600.0
results_simulation_2012112205_cld1_0007_ch2_multiLayer.nc.nc,/mnt/beegfs/user/phi.richter/RESULTS,0.03174419791784322,0.013399541301412346,0.13568597258360435,0.45733614306402987,0.013578339672959757,0.1374965144815735,10.777814853952291,0.4630421778229022,4.688841717179415,27.031107033368986,0.4018556603459953,4.069256916020382,0.22808872523048798,0.10607778520775235,1.0741612068400783,7.106275681671467,0.2109863110613984,2.1364822999706172,7.334364406901955,0.3170640962691508,3.2106435068106958,1.1406599683216736,253.0799987792969,-1.0,1,200.0,600.0
results_simulation_2012113017_cld1_0001_ch2_multiLayer.nc.nc,/mnt/beegfs/user/phi.richter/RESULTS,0.34979216552977177,0.011957824742224281,0.12440927201300092,0.05839250295291125,0.014324921250824617,0.14903655663773835,6.129974226352643,0.35867467296311395,3.7316531990367636,25.515301941657597,0.4301864917487936,4.475662540805823,1.4294779728517188,0.13250849869968473,1.3786191229707738,0.8562541107854773,0.21005739190518447,2.18543821900944,2.285732083637196,0.3425658906048692,3.564057341980214,1.367302380817914,257.2999979654948,-1.0,1,100.0,900.0
results_simulation_2012113018_cld2_0002_ch2_singleLayer.nc.nc,/mnt/beegfs/user/phi.richter/RESULTS,0.07478022062613504,0.023666337313688668,0.27116303360506616,0.3129445115441353,0.02489095569167423,0.2851944077877966,14.711149375261048,0.8120608943455307,9.304392676572412,29.729656727240798,0.6699368118617283,7.6759701266937865,0.7334019972973665,0.2725900774853357,3.1232696197062264,5.331418075500602,0.42405048266247647,4.858665443509121,6.064820072797969,0.6966405601478122,7.981935063215348,1.4736228847150141,235.60000610351562,-1.0,1,7000.0,7000.0
results_simulation_2012113018_cld2_0003_ch2_singleLayer.nc.nc,/mnt/beegfs/user/phi.richter/RESULTS,0.128125883090479,0.015431074627877003,0.18347249428566678,0.17037405166829617,0.016046881776165946,0.19079432223479778,7.535311068845329,0.40810171559366265,4.85225050671214,32.437036610829175,0.533995980043025,6.349108973915452,0.6436455900381792,0.11237756009919828,1.3361474654454422,3.202458456778782,0.301627603193754,3.586293893193302,3.8461040468169614,0.4140051632929522,4.9224413586387445,1.5280663638998597,235.60000610351562,-1.0,1,7000.0,7000.0
results_simulation_2012113018_cld2_0004_ch2_singleLayer.nc.nc,/mnt/beegfs/user/phi.richter/RESULTS,0.20005741871042418,0.014656015496995165,0.1631211691508654,0.23009724018018052,0.015473372175102498,0.1722183331770273,7.025066499352109,0.4399063012624783,4.896148628764782,32.0225161958431,0.641557230425456,7.1405195720247185,0.9369444467529724,0.12731066839129845,1.4169652780201056,4.269562077115054,0.28711610260899956,3.1955966714979307,5.206506523868027,0.414426771000298,4.612561949518036,1.4365227934176104,235.60000610351562,-1.0,1,7000.0,7000.0
