fname,date,tt,dtt,fi,dfi,rl,drl,ri,dri,lwp,dlwp,iwp,diwp,twp,dtwp,rms,ctemp,pwv,conv,cbase,ctop
results_simulation_2012012006_cld1_0002_ch2_R000HBR.nc.nc,RESULTS_undisturbed/,0.2972788376339926,0.1049760839244668,0.1049760839244668,0.7397007166939236,0.10191102233798324,0.10191102233798324,24.066940439495898,2.9080509388596876,2.9080509388596876,18.57863505364357,2.1162346656220126,2.1162346656220126,4.7697280528399135,2.260636774844209,2.260636774844209,8.020324812553877,1.1049915281353495,1.1049915281353495,12.79005286539379,3.365628302979559,3.365628302979559,0.3691438415063047,255.25,-1.0,1,2800.0,3200.0
results_simulation_2012012006_cld1_0002_ch2_R000P.nc.nc,RESULTS_undisturbed/,0.3251024914978373,0.0714724802368485,0.0714724802368485,0.7258933675517524,0.06887775468162681,0.06887775468162681,23.209938339089803,3.6673628467525363,3.6673628467525363,18.653158317130977,2.118509247642056,2.118509247642056,5.03040585436618,1.9007604386299457,1.9007604386299457,7.902275262622274,0.7498268696689955,0.7498268696689955,12.932681116988453,2.6505873082989413,2.6505873082989413,0.6029307916480033,255.25,-1.0,1,2800.0,3200.0
results_simulation_2012012006_cld1_0002_ch2_R000SC.nc.nc,RESULTS_undisturbed/,0.11432027252412957,0.05654021537529114,0.05654021537529114,0.9467503342744802,0.05507154230740216,0.05507154230740216,19.24930378954955,2.6615738880001096,2.6615738880001096,20.677056654211192,2.00307653468905,2.00307653468905,1.467057103414043,0.9284210895365459,0.9284210895365459,11.345814190492078,0.6599805623278413,0.6599805623278413,12.81287129390612,1.588401651864387,1.588401651864387,0.23276290672723857,255.25,-1.0,1,2800.0,3200.0
results_simulation_2012012006_cld1_0002_ch2_R050P.nc.nc,RESULTS_undisturbed/,0.30265672641168095,0.08022437559382976,0.08022437559382976,0.7406352334080236,0.07871749091356624,0.07871749091356624,23.590015943969313,5.686291607946978,5.686291607946978,18.71249204849608,2.2479760673811824,2.2479760673811824,4.759784667734074,2.4089924685579147,2.4089924685579147,8.088093587108055,0.8596379330414617,0.8596379330414617,12.84787825484213,3.2686304015993763,3.2686304015993763,0.4875251815923429,255.25,-1.0,1,2800.0,3200.0
results_simulation_2012021705_cld1_0003_ch2_R000HBR.nc.nc,RESULTS_undisturbed/,0.8408856130891195,0.028517399260299416,0.028517399260299416,3.246641411715444,0.027814204576993174,0.027814204576993174,12.214482267300873,2.366233208839814,2.366233208839814,12.200161867288491,1.086370624813835,1.086370624813835,6.847321606603646,1.5587044867343782,1.5587044867343782,24.167933532656143,0.20705992042875815,0.20705992042875815,31.01525513925979,1.7657644071631364,1.7657644071631364,0.3837845272991708,255.75,-1.0,1,1400.0,1600.0
results_simulation_2012021705_cld1_0003_ch2_R000P.nc.nc,RESULTS_undisturbed/,2.8761659495625143,0.11305121668646433,0.11305121668646433,2.010711445357762,0.0895697036491393,0.0895697036491393,6.933461063341578,1.119484964758385,1.119484964758385,52.998276767285354,7.263032137508745,7.263032137508745,13.294523082000362,2.6691071638294996,2.6691071638294996,61.621173056668006,2.745034838606654,2.745034838606654,74.91569613866837,5.4141420024361535,5.4141420024361535,0.3923527290358243,255.75,-1.0,1,1400.0,1600.0
results_simulation_2012021817_cld1_0004_ch2_singleLayer.nc.nc,RESULTS_undisturbed/,0.5804825728970133,0.03392285216748254,0.03392285216748254,0.8487895111632545,0.03330554654615681,0.03330554654615681,7.297738520253547,0.8231531025957508,0.8231531025957508,50.783198854932394,1.3195013717091468,1.3195013717091468,2.8241400217109476,0.4835907572416296,0.4835907572416296,24.873881864053917,0.9760265481768028,0.9760265481768028,27.698021885764867,1.4596173054184325,1.4596173054184325,0.237034268326661,254.20000457763672,-1.0,0,500.0,600.0
results_simulation_2012021817_cld1_0005_ch2_R000HBR.nc.nc,RESULTS_undisturbed/,2.0142000366654393,0.042276097356141434,0.042276097356141434,2.282172182811781,0.03689008717383915,0.03689008717383915,11.682691890650254,2.0689228238787236,2.0689228238787236,33.141151800980026,3.5171956205927493,3.5171956205927493,15.687518956332514,3.1074153649769487,3.1074153649769487,43.77042979536982,0.7075478006134189,0.7075478006134189,59.45794875170233,3.8149631655903677,3.8149631655903677,0.4115429261907852,254.20000457763672,-1.0,1,500.0,600.0
results_simulation_2012021817_cld1_0005_ch2_R000P.nc.nc,RESULTS_undisturbed/,1.9772674834778639,0.0314646202837757,0.0314646202837757,2.2017087371179036,0.03727848108532028,0.03727848108532028,19.504607036945316,3.835725333360308,3.835725333360308,14.82927526076631,3.207250740417357,3.207250740417357,25.71055018144367,5.4653066876049134,5.4653066876049134,19.509451417377228,0.3303482651395515,0.3303482651395515,45.2200015988209,5.795654952744465,5.795654952744465,0.5159001942478453,254.20000457763672,-1.0,1,500.0,600.0
results_simulation_2012021817_cld1_0005_ch2_R000SC.nc.nc,RESULTS_undisturbed/,0.9962096928131173,0.05702704621930167,0.05702704621930167,3.9583821727279247,0.054525011990685816,0.054525011990685816,3.9280614076452287,0.7030510591591621,0.7030510591591621,51.887288990058934,1.9135418146177696,1.9135418146177696,2.6087818988408764,0.6162613460819502,0.6162613460819502,118.76052277647584,1.6358971969639322,1.6358971969639322,121.36930467531671,2.2521585430458826,2.2521585430458826,0.16398684401603045,254.20000457763672,-1.0,1,500.0,600.0
results_simulation_2012021817_cld1_0005_ch2_R050P.nc.nc,RESULTS_undisturbed/,0.9910621956625246,0.006608611943814676,0.006608611943814676,3.9788320657339917,0.005083516050851794,0.005083516050851794,2.516450475247845,0.4639307409929637,0.4639307409929637,50.76494989774756,0.19340779506294234,0.19340779506294234,1.6626392888500885,0.317609642313713,0.317609642313713,116.5522486850371,0.14891416755876016,0.14891416755876016,118.21488797388719,0.4665238098724732,0.4665238098724732,0.4614333552253676,254.20000457763672,-1.0,1,500.0,600.0
results_simulation_2012021817_cld1_0005_ch2_R050SC.nc.nc,RESULTS_undisturbed/,1.0098465869861095,0.10841421446340309,0.10841421446340309,3.9107347251261726,0.09837482990171524,0.09837482990171524,4.078771222656002,1.033995567885562,1.033995567885562,53.032284215680235,3.495812149650063,3.495812149650063,2.7459554655308827,0.990915782178789,0.990915782178789,119.92400332615165,3.016735930136685,3.016735930136685,122.66995879168253,4.007651712315474,4.007651712315474,0.1737411232504472,254.20000457763672,-1.0,1,500.0,600.0
results_simulation_2012021817_cld1_0005_ch2_singleLayer.nc.nc,RESULTS_undisturbed/,0.9188601262679726,0.14656131360981098,0.14656131360981098,3.9864536398027743,0.07689081502093166,0.07689081502093166,4.0208576394380575,1.456356486612381,1.456356486612381,51.819722915263625,5.09008747588641,5.09008747588641,2.46307050551973,1.2849933884359457,1.2849933884359457,119.4394566268522,2.303810404973476,2.303810404973476,121.90252713237193,3.5888037934094217,3.5888037934094217,0.09256999558911627,254.20000457763672,-1.0,1,500.0,600.0
results_simulation_2012021817_cld1_0006_ch2_singleLayer.nc.nc,RESULTS_undisturbed/,0.18994133441619232,0.046434369572264225,0.046434369572264225,0.008747471645578663,0.04986973424087261,0.04986973424087261,10.54985129422293,2.083427829105295,2.083427829105295,50.538242172819984,3.4619257109357044,3.4619257109357044,1.3359018884780645,0.5904031706323118,0.5904031706323118,0.2549186275271322,1.4533027974108343,1.4533027974108343,1.5908205160051967,2.043705968043146,2.043705968043146,0.2512115518216701,254.20000457763672,-1.0,1,500.0,600.0
results_simulation_2012021817_cld1_0007_ch2_R000HBR.nc.nc,RESULTS_undisturbed/,0.7743061528669161,0.01444547151606069,0.01444547151606069,0.638170796055068,0.012871685893063953,0.012871685893063953,20.0077310560247,2.052808891064897,2.052808891064897,50.024046911455606,1.7274151098985517,1.7274151098985517,10.328072841057601,1.2523491093881787,1.2523491093881787,18.372129915424903,0.3705629589787678,0.3705629589787678,28.700202756482504,1.6229120683669465,1.6229120683669465,0.2232887984674967,254.20000457763672,-1.0,1,500.0,600.0
results_simulation_2012021817_cld1_0007_ch2_R000P.nc.nc,RESULTS_undisturbed/,0.7828596406246873,0.015198175886091632,0.015198175886091632,0.6472119077273737,0.016015842865393967,0.016015842865393967,22.355585694889882,2.317338206136841,2.317338206136841,49.552770729489616,1.0901763765395247,1.0901763765395247,11.667523855370593,1.4359431191264498,1.4359431191264498,18.48158949164085,0.4573455089279441,0.4573455089279441,30.149113347011443,1.893288628054394,1.893288628054394,0.4510645666621963,254.20000457763672,-1.0,1,500.0,600.0
results_simulation_2012021817_cld1_0007_ch2_R000SC.nc.nc,RESULTS_undisturbed/,0.2731135174641447,0.039706399521962796,0.039706399521962796,1.2067601283559761,0.03566309275127649,0.03566309275127649,11.703321030288512,2.2931110089959015,2.2931110089959015,50.261963503219256,2.189592070941976,2.189592070941976,2.1308901150627952,0.7273175694433662,0.7273175694433662,34.94057316277117,1.0325984816431224,1.0325984816431224,37.07146327783397,1.7599160510864886,1.7599160510864886,0.1313007385873096,254.20000457763672,-1.0,1,500.0,600.0
results_simulation_2012021817_cld1_0007_ch2_R050P.nc.nc,RESULTS_undisturbed/,0.30963328102147797,0.04824865705978949,0.04824865705978949,1.1462193319897762,0.04473241743596065,0.04473241743596065,15.024021455455097,2.7408597115468805,2.7408597115468805,53.60863840066995,5.396789650251451,5.396789650251451,3.1012913715930948,1.0490334961126764,1.0490334961126764,35.50799336068655,1.3857539870104951,1.3857539870104951,38.60928473227964,2.4347874831231717,2.4347874831231717,0.42337995847827065,254.20000457763672,-1.0,1,500.0,600.0
results_simulation_2012021817_cld1_0007_ch2_R050SC.nc.nc,RESULTS_undisturbed/,0.2825535930108242,0.06383005300474762,0.06383005300474762,1.1901057006541627,0.06122174976807153,0.06122174976807153,11.72798047535448,2.4896581314735795,2.4896581314735795,50.94481996482726,5.460498859826289,5.460498859826289,2.2091886813814683,0.9680396438646641,0.9680396438646641,35.00222124920495,1.8006135359042308,1.8006135359042308,37.21140993058642,2.768653179768895,2.768653179768895,0.1318383330034176,254.20000457763672,-1.0,1,500.0,600.0
results_simulation_2012021817_cld1_0007_ch2_singleLayer.nc.nc,RESULTS_undisturbed/,0.06529517928701321,0.04370706506453655,0.04370706506453655,1.4165894581144631,0.036878356023850555,0.036878356023850555,5.252494310421426,0.9877939551484514,0.9877939551484514,50.62526862462418,1.691019739016233,1.691019739016233,0.22864170513532256,0.19604619598449552,0.19604619598449552,41.36485093970477,1.0768666775777083,1.0768666775777083,41.5934926448401,1.2729128735622037,1.2729128735622037,0.13810770435318995,254.20000457763672,-1.0,1,500.0,600.0
results_simulation_2012021817_cld1_0008_ch2_singleLayer.nc.nc,RESULTS_undisturbed/,0.19872514667523428,0.0316596979517681,0.0316596979517681,3.797398022012117,0.03369817750660531,0.03369817750660531,14.99561127656895,0.9400005635451073,0.9400005635451073,19.584149071032634,2.5598872087534112,2.5598872087534112,1.9866700336139744,0.4410388489890699,0.4410388489890699,43.19720072691841,0.3833598169562082,0.3833598169562082,45.183870760532386,0.8243986659452781,0.8243986659452781,0.05258238402227087,254.20000457763672,-1.0,1,500.0,600.0
results_simulation_2012021817_cld1_0009_ch2_singleLayer.nc.nc,RESULTS_undisturbed/,0.7957627886166767,0.06876059522802741,0.06876059522802741,3.1935390369852503,0.06482615352106996,0.06482615352106996,10.33868535330373,4.428718552864996,4.428718552864996,24.221241788178606,6.20803643749728,6.20803643749728,5.48476072491691,2.823402389596477,2.823402389596477,44.3564884253077,0.900460759430557,0.900460759430557,49.84124915022461,3.723863149027034,3.723863149027034,0.05113189731220155,254.20000457763672,-1.0,1,500.0,600.0
results_simulation_2012021818_cld2_0001_ch2_singleLayer.nc.nc,RESULTS_undisturbed/,0.46048123181949424,0.00227584832245737,0.00227584832245737,2.8321662144606994,0.0024606953014525293,0.0024606953014525293,1.0063704844793815,0.08025467620826504,0.08025467620826504,38.34680371897602,0.10968434594163985,0.10968434594163985,0.3089431469065645,0.0261640791590197,0.0261640791590197,62.66572577912419,0.05444725453766669,0.05444725453766669,62.97466892603075,0.08061133369668638,0.08061133369668638,19.111231030086607,232.0999984741211,-1.0,1,5000.0,6000.0
results_simulation_2012021818_cld2_0002_ch2_R050P.nc.nc,RESULTS_undisturbed/,0.42325614206638135,0.013345731984133457,0.013345731984133457,1.6203455933925182,0.020538339542754348,0.020538339542754348,21.16295764013959,1.495083314187119,1.495083314187119,34.22432319210107,4.426024966356825,4.426024966356825,5.971567870319822,0.6101589041916878,0.6101589041916878,31.936482050705777,0.4048229160568355,0.4048229160568355,37.9080499210256,1.0149818202485235,1.0149818202485235,0.3139763041244566,232.0999984741211,-1.0,1,5000.0,6000.0
results_simulation_2012021818_cld2_0002_ch2_R050SC.nc.nc,RESULTS_undisturbed/,0.15082458754290817,0.030616366881833917,0.030616366881833917,1.8846901883277494,0.033620451714872254,0.033620451714872254,21.41671396614542,2.742022968872445,2.742022968872445,29.787059052877698,5.2105830436803,5.2105830436803,2.1534447003122152,0.7128443036694476,0.7128443036694476,32.16300909284232,0.5737736335969391,0.5737736335969391,34.31645379315454,1.2866179372663868,1.2866179372663868,0.25833849893288235,232.0999984741211,-1.0,1,5000.0,6000.0
results_simulation_2012021818_cld2_0002_ch2_singleLayer.nc.nc,RESULTS_undisturbed/,0.42283121623832204,0.021645035402951013,0.021645035402951013,1.610097518476898,0.029046482389678777,0.029046482389678777,21.275392261008275,2.226456380966309,2.226456380966309,33.425684809674344,5.9168407662063345,5.9168407662063345,5.997266657113007,0.9346145854445009,0.9346145854445009,31.115225958864386,0.5613510554741984,0.5613510554741984,37.112492615977395,1.4959656409186994,1.4959656409186994,0.194856299548177,232.0999984741211,-1.0,1,5000.0,6000.0
results_simulation_2012021818_cld2_0003_ch2_singleLayer.nc.nc,RESULTS_undisturbed/,0.8145871411640808,0.06422307793831016,0.06422307793831016,3.207381442761176,0.03686906609657257,0.03686906609657257,7.786324001385608,3.3249816778223327,3.3249816778223327,52.119565585678416,3.1655716732363777,3.1655716732363777,4.228426272310646,2.1390326750361104,2.1390326750361104,96.67522189549078,1.1113175776222364,1.1113175776222364,100.90364816780142,3.2503502526583468,3.2503502526583468,0.17483365061301853,232.0999984741211,-1.0,1,5000.0,6000.0
results_simulation_2012021818_cld2_0004_ch2_singleLayer.nc.nc,RESULTS_undisturbed/,0.4808948091048974,0.002469627447909277,0.002469627447909277,2.8686555568995207,0.002528661226963725,0.002528661226963725,1.0091599778850129,0.08509128739493378,0.08509128739493378,56.79007152955994,0.053402309563980406,0.053402309563980406,0.3235331966142105,0.028941471725995326,0.028941471725995326,94.26401208976837,0.0830922493566163,0.0830922493566163,94.58754528638258,0.11203372108261163,0.11203372108261163,16.53389589417763,232.0999984741211,-1.0,1,5000.0,6000.0
results_simulation_2012042117_cld1_0003_ch2_singleLayer.nc.nc,RESULTS_undisturbed/,0.10364169355084069,0.03190385988017404,0.03190385988017404,0.9778486096189767,0.03220774015641388,0.03220774015641388,21.32235416193102,1.8410121903931786,1.8410121903931786,25.649314515493188,2.9644355467769423,2.9644355467769423,1.4732565972222313,0.5807140138385231,0.5807140138385231,14.408648090643027,0.4745908294607414,0.4745908294607414,15.881904687865259,1.0553048432992644,1.0553048432992644,0.20422823276779026,253.70000457763672,-1.0,1,200.0,300.0
results_simulation_2012042117_cld1_0004_ch2_R000HBR.nc.nc,RESULTS_undisturbed/,0.0,0.004188300003593855,0.004188300003593855,0.6880369411191962,0.004242524897572409,0.004242524897572409,20.000503023066837,0.0009283638246194194,0.0009283638246194194,16.110500503459587,0.7386688450622717,0.7386688450622717,0.0,0.055845404588926485,0.055845404588926485,6.521424042220482,0.04021360157360522,0.04021360157360522,6.521424042220482,0.09605900616253171,0.09605900616253171,0.20418298438045948,253.70000457763672,-1.0,0,200.0,300.0
results_simulation_2012042117_cld1_0004_ch2_R000P.nc.nc,RESULTS_undisturbed/,0.0,0.004215883839871409,0.004215883839871409,0.6972358376903611,0.004263431160386626,0.004263431160386626,20.00032095190944,0.0009283638246194194,0.0009283638246194194,15.982951176450792,0.7356486613242211,0.7356486613242211,0.0,0.056212686595597694,0.056212686595597694,6.55183852403107,0.0400643238063826,0.0400643238063826,6.55183852403107,0.09627701040198029,0.09627701040198029,0.20418298438045948,253.70000457763672,-1.0,0,200.0,300.0
results_simulation_2012042117_cld1_0004_ch2_R000SC.nc.nc,RESULTS_undisturbed/,0.0,0.008812592476190777,0.008812592476190777,0.676608487499574,0.00842197292634156,0.00842197292634156,20.000092401640757,0.0009027825530638207,0.0009027825530638207,11.555149726808555,0.6907560003535923,0.6907560003535923,0.0,0.11750177588121309,0.11750177588121309,4.8233003781338235,0.06003871739832614,0.06003871739832614,4.8233003781338235,0.17754049327953925,0.17754049327953925,0.3280516097962361,253.70000457763672,-1.0,1,200.0,300.0
results_simulation_2012042117_cld1_0004_ch2_R050P.nc.nc,RESULTS_undisturbed/,0.00017298025986966015,0.010273034747837652,0.010273034747837652,0.6665378442375604,0.009798118613025198,0.009798118613025198,20.000378296369583,0.0011026007822174417,0.0011026007822174417,11.363212561039626,0.6780792605416994,0.6780792605416994,0.0023064470901316804,0.13697651462444835,0.13697651462444835,4.687228079756541,0.068903814366142,0.068903814366142,4.689534526846673,0.20588032899059033,0.20588032899059033,0.3834724093490864,253.70000457763672,-1.0,1,200.0,300.0
results_simulation_2012042117_cld1_0004_ch2_R050SC.nc.nc,RESULTS_undisturbed/,0.0,0.0042063224000497045,0.0042063224000497045,0.701601781208939,0.004274534405477331,0.004274534405477331,20.000132848612683,0.0009283638246194194,0.0009283638246194194,16.26542219054662,0.74201309648842,0.74201309648842,0.0,0.056084671203392944,0.056084671203392944,6.720813563328606,0.040948469780659,0.040948469780659,6.720813563328606,0.09703314098405194,0.09703314098405194,0.20418298438045948,253.70000457763672,-1.0,0,200.0,300.0
results_simulation_2012042117_cld1_0004_ch2_singleLayer.nc.nc,RESULTS_undisturbed/,0.0,0.0041990515906327516,0.0041990515906327516,0.7021896995348472,0.0042708471183736585,0.0042708471183736585,20.000173170532108,0.0009283638246194194,0.0009283638246194194,16.545530676587635,0.7376232579031354,0.7376232579031354,0.0,0.05598783930976889,0.05598783930976889,6.84739722535015,0.0416487428004403,0.0416487428004403,6.84739722535015,0.09763658211020919,0.09763658211020919,0.20418298438045948,253.70000457763672,-1.0,0,200.0,300.0
results_simulation_2012042117_cld1_0005_ch2_singleLayer.nc.nc,RESULTS_undisturbed/,3.005881063888467,0.10098875767808892,0.10098875767808892,3.0045506643468016,0.08995342133716809,0.08995342133716809,10.607051073994755,2.824562429962846,2.824562429962846,41.23925998402849,6.8437046247570645,6.8437046247570645,21.25568931134577,6.374327755057919,6.374327755057919,71.43177907792256,2.138662254724721,2.138662254724721,92.68746838926833,8.51299000978264,8.51299000978264,0.06628813093658117,253.70000457763672,-1.0,1,200.0,300.0
results_simulation_2012052705_cld1_0006_ch2_multiLayer.nc.nc,RESULTS_undisturbed/,2.9500860149375465,0.05363376108898103,0.05363376108898103,1.9865565396770961,0.040924966322656534,0.040924966322656534,10.002560464170976,1.0348562268598616,1.0348562268598616,37.174266113586235,3.0168907863555043,3.0168907863555043,19.67227582594534,2.392926547029165,2.392926547029165,42.68000199363529,0.8792661954136287,0.8792661954136287,62.35227781958063,3.272192742442794,3.272192742442794,0.18706185643338571,262.94000244140625,-1.0,1,500.0,900.0
results_simulation_2012052705_cld1_0006_ch2_singleLayer.nc.nc,RESULTS_undisturbed/,2.9999992268197997,2.7149817031279393e-06,2.7149817031279393e-06,1.9999993145210684,3.0243981548947455e-06,3.0243981548947455e-06,9.999887592936549,0.00039375655103796075,0.00039375655103796075,44.99997832711992,8.187430460329121e-05,8.187430460329121e-05,19.999770031396366,0.0008056125736781814,0.0008056125736781814,51.68653438896592,7.816082659545197e-05,7.816082659545197e-05,71.68630442036229,0.0008837734002736334,0.0008837734002736334,0.21614448506544956,262.6000061035156,-1.0,1,700.0,800.0
results_simulation_2012071805_cld1_0003_ch2_liqTopped.nc.nc,RESULTS_undisturbed/,0.6977427887608385,0.05941698156930874,0.05941698156930874,0.7311317072589725,0.07297300715144696,0.07297300715144696,7.154408021511866,1.1442675247919585,1.1442675247919585,51.15304269208582,3.4705835635580096,3.4705835635580096,3.327957736575068,0.815665162260192,0.815665162260192,21.601614503872206,2.1560278181244796,2.1560278181244796,24.929572240447275,2.9716929803846717,2.9716929803846717,0.365702790053407,271.8000030517578,-1.0,0,100.0,400.0
results_simulation_2012071805_cld1_0003_ch2_multiLayer.nc.nc,RESULTS_undisturbed/,0.7421090855959034,0.12043808390285933,0.12043808390285933,0.6621748639880406,0.14087958146705967,0.14087958146705967,8.200935427875558,1.6020154724646298,1.6020154724646298,50.86887296765324,7.384020276451313,7.384020276451313,4.05732579427452,1.4510501243504157,1.4510501243504157,19.442400151959113,4.136440511145015,4.136440511145015,23.49972594623363,5.58749063549543,5.58749063549543,0.3376500976608936,271.8000030517578,-1.0,1,100.0,400.0
results_simulation_2012071805_cld1_0003_ch2_singleLayer.nc.nc,RESULTS_undisturbed/,0.7568713537638473,0.11287886684929717,0.11287886684929717,0.6403653028050907,0.14190608022156997,0.14190608022156997,8.450529423717992,1.7776954342961218,1.7776954342961218,49.37672542820079,6.78741607830731,6.78741607830731,4.26397576330044,1.532915290374298,1.532915290374298,18.23028291839901,4.0398745740942354,4.0398745740942354,22.49425868169945,5.572789864468533,5.572789864468533,0.3348464518948608,271.8000030517578,-1.0,1,200.0,300.0
results_simulation_2012071805_cld1_0003_ch2_thinBoundaries.nc.nc,RESULTS_undisturbed/,0.7168288761956533,0.09171026687795741,0.09171026687795741,0.6878782601049445,0.12915047778038172,0.12915047778038172,7.908126766062826,1.8745358504284977,1.8745358504284977,47.95164927218054,8.070011298676107,8.070011298676107,3.779182415019721,1.3793185621809754,1.3793185621809754,19.065933063340605,3.57968161049415,3.57968161049415,22.845115478360327,4.959000172675125,4.959000172675125,0.34211678215847824,271.8000030517578,-1.0,1,100.0,400.0
results_simulation_2012071805_cld1_0004_ch2_multiLayer.nc.nc,RESULTS_undisturbed/,0.5703684377272229,0.00015360440433957972,0.00015360440433957972,0.8513557558259169,0.00024494776936135124,0.00024494776936135124,1.0052711090369353,0.02027698502895125,0.02027698502895125,50.298708694324176,0.0015560785688575056,0.0015560785688575056,0.382249941302473,0.007813177561789744,0.007813177561789744,24.671673140425376,0.007098412989169599,0.007098412989169599,25.05392308172785,0.014911590550959343,0.014911590550959343,23.48069206560028,271.8000030517578,-1.0,1,100.0,400.0
results_simulation_2012071805_cld1_0005_ch2_multiLayer.nc.nc,RESULTS_undisturbed/,1.1306360519005474,0.03439956845702812,0.03439956845702812,1.7136538106731403,0.03149173322193449,0.03149173322193449,14.585533273667444,4.261328703764579,4.261328703764579,20.649127443900923,4.768524434626369,4.768524434626369,10.993953170268949,3.5464986078697627,3.5464986078697627,20.508680550832473,0.3769113522919405,0.3769113522919405,31.50263372110142,3.9234099601617034,3.9234099601617034,0.17561628335268178,271.8000030517578,-1.0,1,100.0,400.0
results_simulation_2012072705_cld1_0005_ch2_multiLayer.nc.nc,RESULTS_undisturbed/,0.6918844195485913,0.09501759362133104,0.09501759362133104,0.1429921612978339,0.053694711015912625,0.053694711015912625,4.167257590427992,0.8242498103223058,0.8242498103223058,6.829844165517631,2.0129233120074628,2.0129233120074628,1.922173732708488,0.6441655932137194,0.6441655932137194,0.7001988730361702,0.26293134847916966,0.26293134847916966,2.6223726057446584,0.907096941692889,0.907096941692889,0.874789633654999,274.1499938964844,-1.0,1,2000.0,3200.0
results_simulation_2012072705_cld1_0006_ch2_multiLayer.nc.nc,RESULTS_undisturbed/,1.0492326815449315,0.01794775958529301,0.01794775958529301,1.0384355295914556,0.013517226512997292,0.013517226512997292,4.42437673317046,0.2818413948819891,0.2818413948819891,16.039650774130514,1.198263544452795,1.198263544452795,3.094800442606297,0.25008323496273394,0.25008323496273394,9.793178121809651,0.1274810489168351,0.1274810489168351,12.887978564415949,0.37756428387956903,0.37756428387956903,0.5874489741848058,274.1499938964844,-1.0,1,2000.0,3200.0
results_simulation_2012072706_cld2_0005_ch2_R050SC.nc.nc,RESULTS_undisturbed/,1.211025072774724,0.022514460290586145,0.022514460290586145,0.7789700451792836,0.020682846393231903,0.020682846393231903,10.349331050853563,0.7990106896860463,0.7990106896860463,20.651903613988686,2.025587407513761,2.025587407513761,8.355532926019762,0.8004210544022661,0.8004210544022661,9.323817723615825,0.24756631966709403,0.24756631966709403,17.679350649635587,1.0479873740693602,1.0479873740693602,0.5631798693656651,263.3500061035156,-1.0,1,4000.0,5000.0
results_simulation_2012072706_cld2_0005_ch2_singleLayer.nc.nc,RESULTS_undisturbed/,1.2032925416265408,0.010381942274313499,0.010381942274313499,0.8057903933441385,0.009543000296860666,0.009543000296860666,9.978904912086517,0.5719065617061903,0.5719065617061903,24.96539364288497,0.343672677558437,0.343672677558437,8.005027902876105,0.5278475433109888,0.5278475433109888,11.566988685651365,0.13698901682075462,0.13698901682075462,19.572016588527468,0.6648365601317434,0.6648365601317434,0.5512562986873681,263.3500061035156,-1.0,1,4000.0,5000.0
results_simulation_2012072706_cld2_0006_ch2_singleLayer.nc.nc,RESULTS_undisturbed/,1.0461384665686055,0.0013368615005002373,0.0013368615005002373,0.6156922030374985,0.0015642232509888196,0.0015642232509888196,1.0101736653017217,0.0667740304367297,0.0667740304367297,26.66175108144206,0.022108799346688773,0.022108799346688773,0.7045210194578204,0.047470229393097925,0.047470229393097925,9.436269513666128,0.023973759367174708,0.023973759367174708,10.140790533123948,0.07144398876027264,0.07144398876027264,0.551384413242773,263.3500061035156,-1.0,0,4000.0,5000.0
results_simulation_2012080205_cld1_0001_ch2_multiLayer.nc.nc,RESULTS_undisturbed/,1.850673766936317,0.01616600734705511,0.01616600734705511,1.4883149647117686,0.016948079202646227,0.016948079202646227,13.844447390541994,1.1569399126529774,1.1569399126529774,9.985537922529316,0.688142946322441,0.688142946322441,17.08103706893734,1.576618522999919,1.576618522999919,9.427262094039893,0.10735540878618732,0.10735540878618732,26.508299162977234,1.6839739317861064,1.6839739317861064,0.5393116993423898,277.40000406901044,-1.0,1,1000.0,1400.0
results_simulation_2012080205_cld1_0002_ch2_multiLayer.nc.nc,RESULTS_undisturbed/,1.3619849448391756,0.0460155459327816,0.0460155459327816,0.5475885456031689,0.022485040024237856,0.022485040024237856,3.497517072023291,0.09070144266041863,0.09070144266041863,12.174659776198213,0.8381217637473485,0.8381217637473485,3.1757103976091443,0.18964943790470631,0.18964943790470631,4.068369802233979,0.16705660477569947,0.16705660477569947,7.244080199843124,0.3567060426804058,0.3567060426804058,0.551384413242773,277.40000406901044,-1.0,0,1000.0,1400.0
results_simulation_2012080205_cld1_0003_ch2_multiLayer.nc.nc,RESULTS_undisturbed/,1.479639337941204,0.11897961916223501,0.11897961916223501,0.7763304327082692,0.04713733015499938,0.04713733015499938,3.3216687872664217,0.3841038230843991,0.3841038230843991,14.039421752728686,1.4252163422110193,1.4252163422110193,3.276581203500567,0.6423640091875517,0.6423640091875517,6.504747426534618,0.39495984515381294,0.39495984515381294,9.781328630035185,1.0373238543413645,1.0373238543413645,0.5416622603198139,277.40000406901044,-1.0,1,1000.0,1400.0
results_simulation_2012080206_cld2_0001_ch2_singleLayer.nc.nc,RESULTS_undisturbed/,1.4669864090996618,0.024205245623042236,0.024205245623042236,0.9560698051554808,0.02149826046024223,0.02149826046024223,10.67476698790628,0.8876310856960857,0.8876310856960857,53.41985975827428,3.9584409232572164,3.9584409232572164,10.439825394376163,1.0403520639476995,1.0403520639476995,29.520831515369533,0.6638182622637376,0.6638182622637376,39.960656909745694,1.7041703262114372,1.7041703262114372,0.39778853797365465,254.24999237060547,-1.0,1,5000.0,6000.0
results_simulation_2012080206_cld2_0002_ch2_singleLayer.nc.nc,RESULTS_undisturbed/,1.5004257489294044,0.014108677741213521,0.014108677741213521,0.9952704895538608,0.014401658955616375,0.014401658955616375,10.227101354248813,0.7378799459791532,0.7378799459791532,18.071203455878244,1.0865321944332769,1.0865321944332769,10.230004139217133,0.8342832985330562,0.8342832985330562,10.475173946547145,0.1515802170794351,0.1515802170794351,20.705178085764278,0.9858635156124913,0.9858635156124913,0.45654912249941787,254.24999237060547,-1.0,1,5000.0,6000.0
results_simulation_2012080206_cld2_0003_ch2_singleLayer.nc.nc,RESULTS_undisturbed/,1.346577285976522,0.0010649510344629897,0.0010649510344629897,0.8239665587555524,0.0012058501248428787,0.0012058501248428787,1.0001640700452512,0.06890189229161812,0.06890189229161812,22.455566063251865,0.028113221703880416,0.028113221703880416,0.8978654793151774,0.06256456592114745,0.06256456592114745,10.661197570523383,0.01560240861815169,0.01560240861815169,11.55906304983856,0.07816697453929915,0.07816697453929915,9.788291144205065,254.24999237060547,-1.0,1,5000.0,6000.0
results_simulation_2012080206_cld2_0004_ch2_singleLayer.nc.nc,RESULTS_undisturbed/,1.3836739706785708,0.0012998322946028416,0.0012998322946028416,0.8636025939829516,0.0014371743155844484,0.0014371743155844484,1.0000319503845179,0.058597857070999446,0.058597857070999446,21.794554011470186,0.03886395643454331,0.03886395643454331,0.9224787863959875,0.05492013559428642,0.05492013559428642,10.849929775722881,0.018056128423802147,0.018056128423802147,11.77240856211887,0.07297626401808857,0.07297626401808857,2.174690582507632,254.24999237060547,-1.0,1,5000.0,6000.0
results_simulation_2012080206_cld2_0005_ch2_singleLayer.nc.nc,RESULTS_undisturbed/,1.3100762439225357,0.0009124133980832529,0.0009124133980832529,0.7854668826414766,0.0010273039825387056,0.0010273039825387056,1.0921187448534877,0.05301447893878052,0.05301447893878052,23.14082907968054,0.02379710309309498,0.02379710309309498,0.953839215450034,0.0469663154778201,0.0469663154778201,10.46261263179059,0.013683995150876465,0.013683995150876465,11.416451847240623,0.060650310628696566,0.060650310628696566,0.39789682548917554,254.24999237060547,-1.0,0,5000.0,6000.0
results_simulation_2012080206_cld2_0006_ch2_singleLayer.nc.nc,RESULTS_undisturbed/,0.7598670419872506,0.07234504093634236,0.07234504093634236,3.1566727682097833,0.04225592887668808,0.04225592887668808,9.46791554348919,2.9158386575093584,2.9158386575093584,53.36434246857825,6.907312629582039,6.907312629582039,4.796237985210828,1.9337376221128464,1.9337376221128464,97.3747841346724,1.3035414677400181,1.3035414677400181,102.17102211988322,3.2372790898528647,3.2372790898528647,0.30053473108828366,254.24999237060547,-1.0,1,5000.0,6000.0
results_simulation_2012080221_cld1_0001_ch2_multiLayer.nc.nc,RESULTS_undisturbed/,0.7835399335556434,7.892019258042659e-05,7.892019258042659e-05,3.1691533694645533,0.00014034126835794257,0.00014034126835794257,1.109157223873322,0.017686497143430246,0.017686497143430246,45.74787638424933,0.0035351806624102137,0.0035351806624102137,0.5793793183309764,0.009297074465536976,0.009297074465536976,83.55505459354669,0.0037001461026929332,0.0037001461026929332,84.13443391187766,0.01299722056822991,0.01299722056822991,31.198546927636283,279.65833791097003,-1.0,1,0.0,1200.0
results_simulation_2012080221_cld1_0002_ch2_multiLayer.nc.nc,RESULTS_undisturbed/,0.7815989599825851,7.175087980034884e-05,7.175087980034884e-05,3.167099992817584,0.00012490117652957537,0.00012490117652957537,1.0269336693313802,0.015113680875300203,0.015113680875300203,45.81675737328716,0.003160192549857554,0.003160192549857554,0.5351001919470043,0.007924347098609634,0.007924347098609634,83.64755482395717,0.003298845743773236,0.003298845743773236,84.18265501590417,0.01122319284238287,0.01122319284238287,37.86320212404135,279.65833791097003,-1.0,1,0.0,1200.0
results_simulation_2012080221_cld1_0003_ch2_multiLayer.nc.nc,RESULTS_undisturbed/,0.7831660144492446,8.152362557016896e-05,8.152362557016896e-05,3.1689304043292874,0.00014678376347668286,0.00014678376347668286,1.0053708981218243,0.018730498873877843,0.018730498873877843,45.773258756911154,0.003708295591914663,0.003708295591914663,0.5249148795502178,0.009834034421572402,0.009834034421572402,83.60334840481923,0.0038725140287436738,0.0038725140287436738,84.12826328436945,0.013706548450316075,0.013706548450316075,29.87932635661032,279.65833791097003,-1.0,1,0.0,1200.0
results_simulation_2012080221_cld1_0005_ch2_multiLayer.nc.nc,RESULTS_undisturbed/,2.243208209903367,0.02822539704639921,0.02822539704639921,0.754293992407183,0.027848402189972105,0.027848402189972105,6.009620390511523,0.337898941894242,0.337898941894242,16.443067892661393,2.2331811638356993,2.2331811638356993,8.987219865598748,0.6184010681300991,0.6184010681300991,7.309069836004977,0.2698548763413635,0.2698548763413635,16.296289701603726,0.8882559444714626,0.8882559444714626,0.4185506016003649,279.65833791097003,-1.0,1,0.0,1200.0
results_simulation_2012080221_cld1_0006_ch2_multiLayer.nc.nc,RESULTS_undisturbed/,0.05407420058604152,0.05655391308612908,0.05655391308612908,0.004106123720107417,0.04835423065965231,0.04835423065965231,10.391865035190662,2.289016793701112,2.289016793701112,17.040796506753384,3.8401749896829767,3.8401749896829767,0.37462119625064744,0.47431825683357864,0.47431825683357864,0.04117370513158463,0.4848667897619706,0.4848667897619706,0.4157949013822321,0.9591850465955493,0.9591850465955493,0.8358021803690426,279.65833791097003,-1.0,1,0.0,1200.0
results_simulation_2012082421_cld1_0001_ch2_singleLayer.nc.nc,RESULTS_undisturbed/,0.010699544203462075,0.022643168685547995,0.022643168685547995,0.005124324226047467,0.0196030267882831,0.0196030267882831,10.058885197363146,0.0911364843031137,0.0911364843031137,19.86477408440918,0.5695035394450864,0.5695035394450864,0.07175032453782489,0.1524934354365365,0.1524934354365365,0.058956811630869896,0.22553842174716188,0.22553842174716188,0.13070713616869478,0.37803185718369836,0.37803185718369836,0.891038396676041,267.09999084472656,-1.0,1,2800.0,3200.0
results_simulation_2012082421_cld1_0002_ch2_singleLayer.nc.nc,RESULTS_undisturbed/,1.2495461798616005,0.023349519445895847,0.023349519445895847,1.2403408126553916,0.015983196088690345,0.015983196088690345,9.837399630807102,0.8721671686099237,0.8721671686099237,50.083404581829114,1.032266626552641,1.032266626552641,8.194856752297957,0.8796744718092118,0.8796744718092118,35.75937263565766,0.4608039621940066,0.4608039621940066,43.95422938795562,1.3404784340032183,1.3404784340032183,0.38186418427564855,267.09999084472656,-1.0,1,2800.0,3200.0
results_simulation_2012082421_cld1_0003_ch2_singleLayer.nc.nc,RESULTS_undisturbed/,0.8032019125258553,0.04145680262062534,0.04145680262062534,3.1984317211726547,0.04644995997606978,0.04644995997606978,14.56841462296744,4.292545968479206,4.292545968479206,24.140321643424354,4.37738158242307,4.37738158242307,7.800918991758055,2.7011606806716264,2.7011606806716264,44.250813561203714,0.6426862100381039,0.6426862100381039,52.05173255296177,3.34384689070973,3.34384689070973,0.20564644415400815,267.09999084472656,-1.0,1,2800.0,3200.0
results_simulation_2012082421_cld1_0004_ch2_singleLayer.nc.nc,RESULTS_undisturbed/,0.34172480616015516,0.021365809666710447,0.021365809666710447,1.2118581985350008,0.0177920407537989,0.0177920407537989,5.811263237301516,0.09924164665326583,0.09924164665326583,44.266524870292805,0.6857140208372055,0.6857140208372055,1.3239018688749975,0.10538378447795843,0.10538378447795843,30.89332629517728,0.45356629516433733,0.45356629516433733,32.21722816405227,0.5589500796422957,0.5589500796422957,2.5980986032626534,267.09999084472656,-1.0,1,2800.0,3200.0
results_simulation_2012082421_cld1_0005_ch2_singleLayer.nc.nc,RESULTS_undisturbed/,0.6736115033643199,0.060086230978057986,0.060086230978057986,1.163880087492526,0.09586817585351337,0.09586817585351337,4.0092209596108965,1.2924695583720562,1.2924695583720562,38.5679448453901,3.118597068208371,3.118597068208371,1.8004382386154913,0.7410142259259138,0.7410142259259138,25.88363716409281,2.1320311354385697,2.1320311354385697,27.684075402708302,2.8730453613644835,2.8730453613644835,0.5665009096752319,267.09999084472656,-1.0,1,2800.0,3200.0
results_simulation_2012082421_cld1_0006_ch2_singleLayer.nc.nc,RESULTS_undisturbed/,0.01288363147189241,0.003832851487044884,0.003832851487044884,2.2494274122621776,0.00458059588419742,0.00458059588419742,1.0045630625785487,0.07798847142814924,0.07798847142814924,49.84656579020865,0.15118308592398724,0.15118308592398724,0.008628280192358407,0.0032367438354473583,0.0032367438354473583,64.5552351132346,0.13145722233161106,0.13145722233161106,64.56386339342696,0.13469396616705842,0.13469396616705842,19.92936674750862,267.09999084472656,-1.0,1,2800.0,3200.0
results_simulation_2012090721_cld1_0001_ch2_multiLayer.nc.nc,RESULTS_undisturbed/,0.9733259872948705,0.035633771231732586,0.035633771231732586,0.8533647214962143,0.028173415910376944,0.028173415910376944,4.847081381765982,0.1784984474651403,0.1784984474651403,36.33892575801972,2.290225104533216,2.290225104533216,3.145193514270639,0.23097131113936564,0.23097131113936564,17.899720011365527,0.5909562888469306,0.5909562888469306,21.044913525636165,0.8219275999862963,0.8219275999862963,1.4129388529890916,268.55999755859375,-1.0,1,400.0,800.0
results_simulation_2012090721_cld1_0002_ch2_multiLayer.nc.nc,RESULTS_undisturbed/,2.227985935556513,0.07484190785125154,0.07484190785125154,4.694104417196489,0.07770300606238933,0.07770300606238933,23.788439647103445,0.9224452700529756,0.9224452700529756,16.0629328334149,3.732739589078171,3.732739589078171,35.3335393083876,2.5570448639948222,2.5570448639948222,44.342616839982924,0.734074862897283,0.734074862897283,79.67615614837052,3.2911197268921053,3.2911197268921053,0.29735972625818163,268.55999755859375,-1.0,1,400.0,800.0
results_simulation_2012091817_cld1_0002_ch2_singleLayer.nc.nc,RESULTS_undisturbed/,0.7965919219189451,0.061580948547173525,0.061580948547173525,0.3222723239568174,0.07476110340933494,0.07476110340933494,5.731292901163257,0.8226691609817274,0.8226691609817274,23.511744856640195,3.7976793240478415,3.7976793240478415,3.043667751478697,0.6721800408701304,0.6721800408701304,4.353406619837138,1.0099116243114168,1.0099116243114168,7.397074371315835,1.6820916651815472,1.6820916651815472,0.5091586474996646,260.5,-1.0,1,2800.0,3200.0
results_simulation_2012091817_cld1_0003_ch2_singleLayer.nc.nc,RESULTS_undisturbed/,0.7608501387407021,0.07945576713406285,0.07945576713406285,1.204828072874019,0.09705309247591005,0.09705309247591005,4.9377955979635875,1.373878639956046,1.373878639956046,23.733393597159374,4.472444845172791,4.472444845172791,2.5046149771892154,0.95843472734056,0.95843472734056,16.404319955169544,1.3214396207652477,1.3214396207652477,18.90893493235876,2.2798743481058077,2.2798743481058077,0.3173859129827904,260.5,-1.0,1,2800.0,3200.0
results_simulation_2012091817_cld1_0004_ch2_singleLayer.nc.nc,RESULTS_undisturbed/,0.7773150293629969,0.00033509376274085345,0.00033509376274085345,1.1617053392461016,0.0004973173571809182,0.0004973173571809182,1.003053142357623,0.04806206746795226,0.04806206746795226,30.50319631591422,0.008096664953089985,0.008096664953089985,0.5197921885362412,0.025130322824532862,0.025130322824532862,20.390614813193842,0.00872909942152559,0.00872909942152559,20.910407001730082,0.03385942224605845,0.03385942224605845,6.173595030948104,260.5,-1.0,1,2800.0,3200.0
results_simulation_2012091817_cld1_0005_ch2_singleLayer.nc.nc,RESULTS_undisturbed/,0.9880920438873139,0.07078812542164577,0.07078812542164577,3.9892551379053005,0.03827262189525639,0.03827262189525639,10.969769721783393,4.134976157423849,4.134976157423849,51.44003612667782,4.218090844653377,4.218090844653377,7.226094790246749,3.2415109851509443,3.2415109851509443,118.58914774488527,1.1377853190500606,1.1377853190500606,125.81524253513201,4.379296304201005,4.379296304201005,0.09629977858479785,260.5,-1.0,1,2800.0,3200.0
results_simulation_2012091917_cld1_0001_ch2_singleLayer.nc.nc,RESULTS_undisturbed/,0.8681907980051708,0.0006427371090830663,0.0006427371090830663,3.8429543488063014,0.0007463621533598905,0.0007463621533598905,1.0657596840133172,0.04571985846773659,0.04571985846773659,54.2758612850782,0.02068134350535297,0.02068134350535297,0.6168551670301737,0.026919042470711797,0.026919042470711797,120.37995246235165,0.023379895187840553,0.023379895187840553,120.99680762938182,0.05029893765855235,0.05029893765855235,29.24724720452833,268.0,-1.0,1,700.0,800.0
results_simulation_2012091917_cld1_0002_ch2_singleLayer.nc.nc,RESULTS_undisturbed/,0.8844288351272059,0.0008914110135575879,0.0008914110135575879,3.8589230846261473,0.0010341615008418095,0.0010341615008418095,1.0021811848223228,0.06519499670336165,0.06519499670336165,53.768249073199684,0.028509882616595175,0.028509882616595175,0.5909052919192066,0.039035793557471325,0.039035793557471325,119.86877835044089,0.032124207405275065,0.032124207405275065,120.4596836423601,0.07116000096274638,0.07116000096274638,18.01017931192037,268.0,-1.0,1,700.0,800.0
results_simulation_2012091917_cld1_0003_ch2_singleLayer.nc.nc,RESULTS_undisturbed/,0.8606440318540787,0.0005761439060122435,0.0005761439060122435,3.837625713330732,0.000664856185186512,0.000664856185186512,1.0171553193166258,0.03890543545800687,0.03890543545800687,54.44079132301494,0.018381399774334065,0.018381399774334065,0.5836057700256557,0.022713172448206583,0.022713172448206583,120.53213284794846,0.02088199101126432,0.02088199101126432,121.11573861797412,0.0435951634594709,0.0435951634594709,34.40524177173045,268.0,-1.0,1,700.0,800.0
results_simulation_2012091917_cld1_0004_ch2_singleLayer.nc.nc,RESULTS_undisturbed/,0.8440954778016221,0.0008108858023475391,0.0008108858023475391,3.818100914184281,0.0009247971569520901,0.0009247971569520901,1.0054061530288034,0.05131595444347196,0.05131595444347196,54.90740878647895,0.025456184410013852,0.025456184410013852,0.5657725247503591,0.02942055643992843,0.02942055643992843,120.79753584520876,0.029259102877085066,0.029259102877085066,121.36330836995911,0.058679659317013494,0.058679659317013494,26.999051254279742,268.0,-1.0,1,700.0,800.0
results_simulation_2012091917_cld1_0005_ch2_singleLayer.nc.nc,RESULTS_undisturbed/,0.838075620203974,0.0004800968143391435,0.0004800968143391435,3.815285887011523,0.0005456047970897806,0.0005456047970897806,1.0000120686380185,0.02887835190756333,0.02887835190756333,55.12263849099804,0.015248673449107903,0.015248673449107903,0.5587238230901775,0.01645489686256904,0.01645489686256904,121.20626696013623,0.017333276218583882,0.017333276218583882,121.76499078322641,0.03378817308115292,0.03378817308115292,48.795658133499565,268.0,-1.0,1,700.0,800.0
results_simulation_2012092117_cld1_0001_ch2_multiLayer.nc.nc,RESULTS_undisturbed/,2.0120520115197498,0.045017458194771424,0.045017458194771424,0.30894699206174736,0.023251115932144684,0.023251115932144684,4.0989724826355625,0.27163867361947497,0.27163867361947497,3.266678564487583,0.8820328403453748,0.8820328403453748,5.498230552567323,0.4873843080274574,0.4873843080274574,1.0772359515698056,0.08107357522192864,0.08107357522192864,6.575466504137129,0.5684578832493861,0.5684578832493861,0.8274617301874199,271.7833302815755,-1.0,1,200.0,700.0
results_simulation_2012092117_cld1_0002_ch2_multiLayer.nc.nc,RESULTS_undisturbed/,0.15028652775109994,0.038188739052762294,0.038188739052762294,0.37085629859722774,0.023414825648711352,0.023414825648711352,7.887392582130127,1.8456652157028473,1.8456652157028473,15.976448314949968,1.9106810179491567,1.9106810179491567,0.790245896118746,0.38572546252308415,0.38572546252308415,3.483928765600888,0.21996740532872125,0.21996740532872125,4.274174661719634,0.6056928678518054,0.6056928678518054,0.39673433855082496,271.7833302815755,-1.0,1,200.0,700.0
results_simulation_2012092517_cld1_0001_ch2_singleLayer.nc.nc,RESULTS_undisturbed/,0.4807917591778555,0.04654098695019386,0.04654098695019386,0.3646334827839149,0.05539878060421937,0.05539878060421937,8.48881299387479,1.2472804710224292,1.2472804710224292,50.6169543360379,1.9789635952134388,1.9789635952134388,2.720900888437932,0.6631732710810804,0.6631732710810804,10.645385059546486,1.6173559938137496,1.6173559938137496,13.366285947984418,2.28052926489483,2.28052926489483,0.29779136125485267,271.0500030517578,-1.0,0,300.0,400.0
results_simulation_2012092517_cld1_0002_ch2_singleLayer.nc.nc,RESULTS_undisturbed/,0.42011726140500066,0.018386531070156135,0.018386531070156135,0.09509992753531951,0.018131407793155755,0.018131407793155755,5.267079856704089,0.4771436457110808,0.4771436457110808,17.7862502708807,2.2311872920628777,2.2311872920628777,1.4751941099999766,0.1981997394448136,0.1981997394448136,0.9876429752802591,0.18830101699225363,0.18830101699225363,2.4628370852802357,0.3865007564370672,0.3865007564370672,0.3960069564596628,271.0500030517578,-1.0,1,300.0,400.0
results_simulation_2012092517_cld1_0003_ch2_singleLayer.nc.nc,RESULTS_undisturbed/,2.9557598984919804,0.07240442764850749,0.07240442764850749,1.9559166264830123,0.07325023218505913,0.07325023218505913,10.893681539901062,1.4438188841590096,1.4438188841590096,48.661472038317804,7.899778279157132,7.899778279157132,21.46607136172128,3.3708884902428573,3.3708884902428573,54.965184007778404,2.0585212639636454,2.0585212639636454,76.43125536949968,5.429409754206503,5.429409754206503,0.055781741257109864,271.0500030517578,-1.0,1,300.0,400.0
results_simulation_2012100505_cld1_0005_ch2_multiLayer.nc.nc,RESULTS_undisturbed/,0.11373030287564827,0.10490545165783627,0.10490545165783627,1.4646248837996363,0.11057084808995755,0.11057084808995755,21.574145447185057,2.7443352800356795,2.7443352800356795,43.82445923149425,6.363449389780965,6.363449389780965,1.6357560639944297,1.7169063699063898,1.7169063699063898,37.01134546601229,2.7941715708725994,2.7941715708725994,38.647101530006715,4.511077940778989,4.511077940778989,0.2506202226318615,271.0799987792969,-1.0,1,200.0,600.0
results_simulation_2012101217_cld1_0001_ch2_multiLayer.nc.nc,RESULTS_undisturbed/,0.0,0.005641421135935333,0.005641421135935333,1.075273602466766,0.007112795028100876,0.007112795028100876,19.88162756342324,0.00818271311166488,0.00818271311166488,7.736008099973972,0.29768604118956254,0.29768604118956254,0.0,0.07477375596872689,0.07477375596872689,5.704904987015333,0.03773831106437924,0.03773831106437924,5.704904987015333,0.11251206703310612,0.11251206703310612,1.1902404768057897,262.7249984741211,-1.0,1,800.0,1200.0
results_simulation_2012101217_cld1_0007_ch2_liqTopped.nc.nc,RESULTS_undisturbed/,1.2409945464371108,0.03910766703408162,0.03910766703408162,1.3442677451363922,0.050284529467574265,0.050284529467574265,7.641226232812116,0.9351179635469988,0.9351179635469988,28.509803384119444,5.251470304036272,5.251470304036272,6.321813388674682,0.9728712161880723,0.9728712161880723,21.99419000960467,0.8227493034317369,0.8227493034317369,28.31600339827935,1.7956205196198092,1.7956205196198092,0.2588442946276522,262.7249984741211,-1.0,1,800.0,1200.0
results_simulation_2012101217_cld1_0007_ch2_multiLayer.nc.nc,RESULTS_undisturbed/,1.238291505344433,0.0094984718260413,0.0094984718260413,1.2408432181150073,0.008320400949584958,0.008320400949584958,9.942603949888019,0.5379252182322936,0.5379252182322936,20.243336137396987,0.7444277816800038,0.7444277816800038,8.207894674766893,0.5070318478287318,0.5070318478287318,14.54588241261626,0.09753939793358879,0.09753939793358879,22.753777087383153,0.6045712457623206,0.6045712457623206,0.4631477543700322,262.7249984741211,-1.0,1,800.0,1200.0
results_simulation_2012101217_cld1_0007_ch2_singleLayer.nc.nc,RESULTS_undisturbed/,1.2460086226417137,0.007270577809131291,0.007270577809131291,1.2469234780137515,0.006837730248877807,0.006837730248877807,9.97385758614626,0.40777965074061906,0.40777965074061906,19.998442053523096,0.5010559451856476,0.5010559451856476,8.285008368892472,0.3870751123986057,0.3870751123986057,14.420196600948094,0.07907743657460824,0.07907743657460824,22.705204969840565,0.46615254897321395,0.46615254897321395,0.4408536876388058,261.6999969482422,-1.0,1,1000.0,1200.0
results_simulation_2012101217_cld1_0007_ch2_thinBoundaries.nc.nc,RESULTS_undisturbed/,1.2409173645164806,0.008119606073772543,0.008119606073772543,1.2426115168251988,0.007396729497584356,0.007396729497584356,9.928529988964492,0.46593597657972297,0.46593597657972297,20.197395646856826,0.5912602917151261,0.5912602917151261,8.213656844952439,0.4392025309951676,0.4392025309951676,14.530478569056475,0.0864959303149486,0.0864959303149486,22.744135414008916,0.5256984613101162,0.5256984613101162,0.46505604197200495,262.7249984741211,-1.0,1,800.0,1200.0
results_simulation_2012101705_cld1_0001_ch2_singleLayer.nc.nc,RESULTS_undisturbed/,2.4570886007000845,0.04920105254786335,0.04920105254786335,2.6072470155474363,0.06489334473493878,0.06489334473493878,12.980908685453578,3.386260184282933,3.386260184282933,13.128791276931945,2.745402984796891,2.745402984796891,21.2634951718378,5.972677112105453,5.972677112105453,20.6277973113831,0.5134408794174777,0.5134408794174777,41.8912924832209,6.486117991522931,6.486117991522931,0.2354819856448921,262.25,-1.0,1,1000.0,1200.0
results_simulation_2012101705_cld1_0002_ch2_singleLayer.nc.nc,RESULTS_undisturbed/,2.0803024567739636,0.03235719570008525,0.03235719570008525,2.175551831504172,0.03546467929131039,0.03546467929131039,25.373163229424726,2.4647344627858336,2.4647344627858336,25.745139591404808,4.447819394592563,4.447819394592563,35.18923586819937,3.9655983775823516,3.9655983775823516,32.165784947819034,0.5243764850581866,0.5243764850581866,67.3550208160184,4.489974862640538,4.489974862640538,0.1716674695469613,262.25,-1.0,1,1000.0,1200.0
results_simulation_2012101705_cld1_0003_ch2_singleLayer.nc.nc,RESULTS_undisturbed/,1.7437105887646078,0.032521700101384096,0.032521700101384096,1.8071198475862773,0.03920141906115102,0.03920141906115102,10.34568482316641,1.94900619963195,1.94900619963195,15.284694729754026,2.64873334805762,2.64873334805762,12.026586782784378,2.489974671352371,2.489974671352371,16.4311650843032,0.3564513432677916,0.3564513432677916,28.457751867087577,2.846426014620163,2.846426014620163,0.22046168723467352,262.25,-1.0,1,1000.0,1200.0
results_simulation_2012101705_cld1_0004_ch2_singleLayer.nc.nc,RESULTS_undisturbed/,1.2491747455474593,0.010788626802339715,0.010788626802339715,1.2530600523143531,0.00951773753284956,0.00951773753284956,13.949458652268238,0.9980902752140005,0.9980902752140005,39.635656419942194,0.3110542042530713,0.3110542042530713,11.616874308314653,0.9315231127118889,0.9315231127118889,28.50691145662296,0.2165279910375757,0.2165279910375757,40.12378576493761,1.1480511037494647,1.1480511037494647,0.2544494683054322,262.25,-1.0,1,1000.0,1200.0
results_simulation_2012101705_cld1_0005_ch2_singleLayer.nc.nc,RESULTS_undisturbed/,0.9698491761182166,0.009893467020144955,0.009893467020144955,0.7926150008372098,0.008612717915581363,0.008612717915581363,3.493895189901448,0.05588585894386233,0.05588585894386233,43.18544008379647,0.20504226597691874,0.20504226597691874,2.2590342475795464,0.05917839405766455,0.05917839405766455,19.762317556039292,0.21474186967500805,0.21474186967500805,22.02135180361884,0.2739202637326726,0.2739202637326726,1.2207437552492912,262.25,-1.0,1,1000.0,1200.0
results_simulation_2012101705_cld1_0006_ch2_singleLayer.nc.nc,RESULTS_undisturbed/,0.24344237946468075,0.013486697389900057,0.013486697389900057,0.2984878232636095,0.013267920840364284,0.013267920840364284,1.4790371308871018,0.16790598354147973,0.16790598354147973,49.19540749358803,0.8302183393545092,0.8302183393545092,0.24004021230651365,0.04054850558159712,0.04054850558159712,8.470360909317025,0.376512105789982,0.376512105789982,8.710401121623539,0.4170606113715791,0.4170606113715791,0.3048277434116163,262.25,-1.0,1,1000.0,1200.0
results_simulation_2012101705_cld1_0007_ch2_singleLayer.nc.nc,RESULTS_undisturbed/,1.167222116096532,0.10005360432148788,0.10005360432148788,4.771649080172269,0.077923961553872,0.077923961553872,6.05522693471731,2.841279300258723,2.841279300258723,34.12069981788022,9.212030693896898,9.212030693896898,4.711863197456969,2.614834211381521,2.614834211381521,93.81873729235548,1.5322343700966023,1.5322343700966023,98.53060048981244,4.147068581478123,4.147068581478123,0.057852127423522304,262.25,-1.0,1,1000.0,1200.0
results_simulation_2012102322_cld1_0001_ch2_liqTopped.nc.nc,RESULTS_undisturbed/,1.185953135691919,0.0002599149185306308,0.0002599149185306308,4.776807940590338,0.00041408349978765206,0.00041408349978765206,1.0198676394284723,0.07080187493709388,0.07080187493709388,36.17047916061008,0.02178057112338898,0.02178057112338898,0.8063434833139415,0.05615518960595177,0.05615518960595177,99.67761930995177,0.00864099138030701,0.00864099138030701,100.4839627932657,0.06479618098625878,0.06479618098625878,7.3238494799742515,265.3399963378906,-1.0,1,600.0,1000.0
results_simulation_2012102322_cld1_0001_ch2_multiLayer.nc.nc,RESULTS_undisturbed/,1.1862987520825043,0.00026613892037369145,0.00026613892037369145,4.7772609009137845,0.00042684356049228046,0.00042684356049228046,1.0008678763617243,0.0741502619517163,0.0741502619517163,36.149373735680186,0.02243446171942394,0.02243446171942394,0.7915522084849197,0.058820488743975635,0.058820488743975635,99.62144679274141,0.008901401756636783,0.008901401756636783,100.41299900122632,0.06772189050061242,0.06772189050061242,6.878245580104838,265.3399963378906,-1.0,1,600.0,1000.0
results_simulation_2012102322_cld1_0001_ch2_singleLayer.nc.nc,RESULTS_undisturbed/,1.1866062235875363,0.000271658850472253,0.000271658850472253,4.77770220769769,0.00043768801559448527,0.00043768801559448527,1.0538850441978496,0.07752643878844269,0.07752643878844269,36.14085736219953,0.023254626385694296,0.023254626385694296,0.833697701593996,0.0615197679723873,0.0615197679723873,99.60412198756211,0.009125125747178137,0.009125125747178137,100.4378196891561,0.07064489371956544,0.07064489371956544,6.649094082229081,264.9499969482422,-1.0,1,800.0,900.0
results_simulation_2012102322_cld1_0001_ch2_thinBoundaries.nc.nc,RESULTS_undisturbed/,1.1862700494839513,0.00026500223546828454,0.00026500223546828454,4.77732711434473,0.00042313922916466847,0.00042313922916466847,1.0547379434496942,0.07309585320114691,0.07309585320114691,36.14712085289047,0.022233513542001003,0.022233513542001003,0.8341360215791132,0.05799395287122905,0.05799395287122905,99.61581314245163,0.008823530240711391,0.008823530240711391,100.44994916403074,0.06681748311194044,0.06681748311194044,6.973012341675116,265.3399963378906,-1.0,1,600.0,1000.0
results_simulation_2012102322_cld1_0002_ch2_liqTopped.nc.nc,RESULTS_undisturbed/,1.1849706100666277,0.00022244014328188263,0.00022244014328188263,4.775392716981374,0.00034653440368211325,0.00034653440368211325,1.0002041560091868,0.05711213436272625,0.05711213436272625,36.23057892872746,0.01833228864515592,0.01833228864515592,0.7901416859582551,0.04526579083585384,0.04526579083585384,99.83402986849522,0.007244887582862773,0.007244887582862773,100.62417155445348,0.05251067841871661,0.05251067841871661,9.580389855966386,265.3399963378906,-1.0,1,600.0,1000.0
results_simulation_2012102322_cld1_0002_ch2_multiLayer.nc.nc,RESULTS_undisturbed/,1.1854903331754263,0.00022695265362146117,0.00022695265362146117,4.776079438967845,0.000356462665062191,0.000356462665062191,1.0131849769502361,0.05886192206863205,0.05886192206863205,36.19419822664962,0.018820244310168405,0.018820244310168405,0.8007473305953813,0.04667345641574456,0.04667345641574456,99.73596353746052,0.007444063930910259,0.007444063930910259,100.5367108680559,0.05411752034665482,0.05411752034665482,8.98605626292061,265.3399963378906,-1.0,1,600.0,1000.0
results_simulation_2012102322_cld1_0002_ch2_singleLayer.nc.nc,RESULTS_undisturbed/,1.1858854047634966,0.00022979066882135443,0.00022979066882135443,4.776732231625647,0.00036165991872559193,0.00036165991872559193,1.0696637762482075,0.061088648232272356,0.061088648232272356,36.17855845972599,0.01932948746405191,0.01932948746405191,0.8456657735046372,0.04845995672662747,0.04845995672662747,99.70111665382717,0.007548932114433788,0.007548932114433788,100.5467824273318,0.05600888884106126,0.05600888884106126,8.699392496421028,264.9499969482422,-1.0,1,800.0,900.0
results_simulation_2012102322_cld1_0002_ch2_thinBoundaries.nc.nc,RESULTS_undisturbed/,1.1854445241039893,0.00022659668787299367,0.00022659668787299367,4.776035555513197,0.0003555405834857904,0.0003555405834857904,1.0167870297410149,0.05863255363150482,0.05863255363150482,36.19481282691901,0.018752973259754186,0.018752973259754186,0.8035630777242974,0.04649069347327492,0.04649069347327492,99.7369501986461,0.007424949352347245,0.007424949352347245,100.54051327637039,0.05391564282562217,0.05391564282562217,9.037647506569227,265.3399963378906,-1.0,1,600.0,1000.0
results_simulation_2012102322_cld1_0003_ch2_multiLayer.nc.nc,RESULTS_undisturbed/,1.1833696848072648,5.366336320944131e-05,5.366336320944131e-05,4.775253268264715,8.028075270108547e-05,8.028075270108547e-05,1.0883493912078153,0.01265584285615243,0.01265584285615243,36.301088875521195,0.004252699261986922,0.004252699261986922,0.8586131173558473,0.010023296840223022,0.010023296840223022,100.04765499376207,0.0016820451939783155,0.0016820451939783155,100.90626811111791,0.011705342034201338,0.011705342034201338,46.70904809182498,265.3399963378906,-1.0,1,600.0,1000.0
results_simulation_2012102322_cld1_0004_ch2_liqTopped.nc.nc,RESULTS_undisturbed/,1.6193119680242583,0.07217613089343175,0.07217613089343175,1.2278185146177485,0.04894631967560679,0.04894631967560679,10.970742011689264,0.8060546299160148,0.8060546299160148,35.0266432498655,7.206951496931481,7.206951496931481,11.843369225089967,1.398053080358748,1.398053080358748,24.64458040371481,0.9824709513224572,0.9824709513224572,36.48794962880478,2.3805240316812055,2.3805240316812055,0.2289058694535335,265.3399963378906,-1.0,1,600.0,1000.0
results_simulation_2012102322_cld1_0004_ch2_multiLayer.nc.nc,RESULTS_undisturbed/,1.4721305668493059,0.018415369160293977,0.018415369160293977,1.4800759537067243,0.013094954917119834,0.013094954917119834,9.99985905608917,0.7046355583266063,0.7046355583266063,49.46632515716491,0.3836857640452617,0.3836857640452617,9.81406545376914,0.8143110933135431,0.8143110933135431,42.20149805533338,0.37337879586204314,0.37337879586204314,52.01556350910252,1.1876898891755863,1.1876898891755863,0.36197801577235017,265.3399963378906,-1.0,1,600.0,1000.0
results_simulation_2012102322_cld1_0004_ch2_singleLayer.nc.nc,RESULTS_undisturbed/,1.4674859309828105,0.022032738615192244,0.022032738615192244,1.4778726847300674,0.015387492482523307,0.015387492482523307,9.996403818443056,0.8373283795197004,0.8373283795197004,47.76461587609762,1.1503260700458102,1.1503260700458102,9.779721309325355,0.9660105126543074,0.9660105126543074,40.806757770099466,0.42488154118174626,0.42488154118174626,50.58647907942482,1.3908920538360536,1.3908920538360536,0.34147615170548185,264.9499969482422,-1.0,1,800.0,900.0
results_simulation_2012102322_cld1_0004_ch2_thinBoundaries.nc.nc,RESULTS_undisturbed/,1.461772296174026,0.021085557676438157,0.021085557676438157,1.474496397122139,0.014650633601475782,0.014650633601475782,9.99521141538325,0.8316246181589418,0.8316246181589418,47.73577903896303,1.1875582880378628,1.1875582880378628,9.740482094273073,0.9509336229522004,0.9509336229522004,40.68940450783633,0.40429594010089903,0.40429594010089903,50.429886602109406,1.3552295630530995,1.3552295630530995,0.3499645486655252,265.3399963378906,-1.0,1,600.0,1000.0
results_simulation_2012102322_cld1_0005_ch2_liqTopped.nc.nc,RESULTS_undisturbed/,1.332012199534981,0.0009444186094275885,0.0009444186094275885,1.317519561096242,0.001015654750004276,0.001015654750004276,1.0103046361486812,0.05448049109360901,0.05448049109360901,52.28133385219114,0.013654665397845192,0.013654665397845192,0.8971587337311956,0.0490152195152759,0.0490152195152759,39.83780014122974,0.030710374546247744,0.030710374546247744,40.73495887496094,0.07972559406152364,0.07972559406152364,14.468998609668514,265.3399963378906,-1.0,1,600.0,1000.0
results_simulation_2012102322_cld1_0005_ch2_multiLayer.nc.nc,RESULTS_undisturbed/,1.3307702872695022,0.0009638282065062916,0.0009638282065062916,1.3160886499652071,0.001037140669951431,0.001037140669951431,1.0001827347214076,0.06169559423521429,0.06169559423521429,52.29411761305536,0.013916202138538294,0.013916202138538294,0.8873423101381358,0.05537777866336256,0.05537777866336256,39.804399492482496,0.03136781928581274,0.03136781928581274,40.69174180262063,0.0867455979491753,0.0867455979491753,14.094273431271565,265.3399963378906,-1.0,1,600.0,1000.0
results_simulation_2012102322_cld1_0005_ch2_singleLayer.nc.nc,RESULTS_undisturbed/,1.336157048065719,0.0009459742490350634,0.0009459742490350634,1.3218064503786255,0.00102090667129105,0.00102090667129105,1.0012779963484,0.058302496291381865,0.058302496291381865,52.22851865690537,0.013751308675680203,0.013751308675680203,0.8919097679293571,0.052565649693484214,0.052565649693484214,39.9263838667785,0.030837480729563882,0.030837480729563882,40.81829363470786,0.08340313042304809,0.08340313042304809,14.011688166613792,264.9499969482422,-1.0,1,800.0,900.0
results_simulation_2012102322_cld1_0005_ch2_thinBoundaries.nc.nc,RESULTS_undisturbed/,1.3307260753714079,0.0009638161372007335,0.0009638161372007335,1.316017361905364,0.0010372245929934636,0.0010372245929934636,1.0001836493855956,0.06170115089797736,0.06170115089797736,52.29929387596079,0.013930669196814805,0.013930669196814805,0.8873136415983638,0.05538088234787105,0.05538088234787105,39.80623522964204,0.03137350369619405,0.03137350369619405,40.6935488712404,0.0867543860440651,0.0867543860440651,14.100497547281936,265.3399963378906,-1.0,1,600.0,1000.0
results_simulation_2012102421_cld1_0002_ch2_liqTopped.nc.nc,RESULTS_undisturbed/,0.5275051106304935,0.08208341030904763,0.08208341030904763,0.46906038935873706,0.09203863531809534,0.09203863531809534,10.675128731735814,1.954916524032322,1.954916524032322,30.69099608244444,7.885782686044247,7.885782686044247,3.754123308419373,1.2716529527146827,1.2716529527146827,8.296588876026782,1.6279613358834701,1.6279613358834701,12.050712184446155,2.899614288598153,2.899614288598153,0.2833068619189602,268.3666585286458,-1.0,1,300.0,500.0
results_simulation_2012102421_cld1_0002_ch2_multiLayer.nc.nc,RESULTS_undisturbed/,0.49606887044174564,0.03988106884311033,0.03988106884311033,0.4976738812215947,0.04148753459392313,0.04148753459392313,10.603988074734868,1.3916933458199674,1.3916933458199674,29.571909522835995,5.071761803337075,5.071761803337075,3.5068722576076445,0.742182749654818,0.742182749654818,8.438151380895764,0.7034356987243431,0.7034356987243431,11.94502363850341,1.445618448379161,1.445618448379161,0.28100428746855316,268.3666585286458,-1.0,1,300.0,500.0
results_simulation_2012102421_cld1_0002_ch2_singleLayer.nc.nc,RESULTS_undisturbed/,0.4904359637498126,0.01579307552321227,0.01579307552321227,0.504210448508156,0.011752186177997751,0.011752186177997751,10.965759685636419,0.976115742242334,0.976115742242334,29.9331099988802,1.419641028670724,1.419641028670724,3.5853352797826257,0.43460355710842336,0.43460355710842336,8.64140311603662,0.20141660783932186,0.20141660783932186,12.226738395819247,0.6360201649477453,0.6360201649477453,0.2816961766313711,268.1499938964844,-1.0,1,400.0,500.0
results_simulation_2012102421_cld1_0002_ch2_thinBoundaries.nc.nc,RESULTS_undisturbed/,0.49606887044174564,0.03988106884311033,0.03988106884311033,0.4976738812215947,0.04148753459392313,0.04148753459392313,10.603988074734868,1.3916933458199674,1.3916933458199674,29.571909522835995,5.071761803337075,5.071761803337075,3.5068722576076445,0.742182749654818,0.742182749654818,8.438151380895764,0.7034356987243431,0.7034356987243431,11.94502363850341,1.445618448379161,1.445618448379161,0.28100428746855316,268.3666585286458,-1.0,1,300.0,500.0
results_simulation_2012102421_cld1_0003_ch2_multiLayer.nc.nc,RESULTS_undisturbed/,0.01684403944604719,0.028880330071102772,0.028880330071102772,0.19535954743961553,0.024709504839681797,0.024709504839681797,8.331397285564387,1.3010341976985111,1.3010341976985111,32.55054039534545,1.0179528833283615,1.0179528833283615,0.09355625634582468,0.17501878327151946,0.17501878327151946,3.6845865400616384,0.4660351710747983,0.4660351710747983,3.778142796407463,0.6410539543463177,0.6410539543463177,0.4256215019759739,268.3666585286458,-1.0,1,300.0,500.0
results_simulation_2012102421_cld1_0004_ch2_liqTopped.nc.nc,RESULTS_undisturbed/,2.009634393073686,0.05563237831114934,0.05563237831114934,2.0075881303767673,0.05816729052492203,0.05816729052492203,9.419780282548109,1.5159527273405222,1.5159527273405222,23.406612565226286,5.594378416915541,5.594378416915541,12.620209620670696,2.380370346282661,2.380370346282661,27.014739757287764,0.7827485083046586,0.7827485083046586,39.63494937795846,3.1631188545873195,3.1631188545873195,0.07247504977297109,268.3666585286458,-1.0,1,300.0,500.0
results_simulation_2012102421_cld1_0006_ch2_multiLayer.nc.nc,RESULTS_undisturbed/,0.10393355947021518,0.014962150954415448,0.014962150954415448,0.9938084686112415,0.014398126481494853,0.014398126481494853,19.978976120624964,0.8317619858781534,0.8317619858781534,15.289896254248557,0.7287935625315689,0.7287935625315689,1.3843240685246554,0.25691762697052234,0.25691762697052234,9.038627671399569,0.13095220394754675,0.13095220394754675,10.422951739924224,0.3878698309180691,0.3878698309180691,0.27700036131714245,268.3666585286458,-1.0,1,300.0,500.0
results_simulation_2012102422_cld2_0001_ch2_singleLayer.nc.nc,RESULTS_undisturbed/,1.4968967228118066,0.018397769005146388,0.018397769005146388,0.1399173441387451,0.01846441723161118,0.01846441723161118,7.90559812722407,0.48502490886800476,0.48502490886800476,18.657443712303166,1.8837089377454246,1.8837089377454246,7.889242619005908,0.5809850431725317,0.5809850431725317,1.523526577728175,0.20105543029050826,0.20105543029050826,9.412769196734082,0.78204047346304,0.78204047346304,0.27281066467862347,247.1500015258789,-1.0,1,5000.0,6000.0
results_simulation_2012102422_cld2_0002_ch2_singleLayer.nc.nc,RESULTS_undisturbed/,0.9916834352258692,0.004370643638489565,0.004370643638489565,0.022812734294538027,0.003565077338445427,0.003565077338445427,1.0009579640292259,0.012272556813959699,0.012272556813959699,20.28849990986338,0.008009871700213368,0.008009871700213368,0.6617556215234631,0.011030214572101337,0.011030214572101337,0.26807004120125183,0.041892849381463364,0.041892849381463364,0.929825662724715,0.0529230639535647,0.0529230639535647,0.27284574897159647,247.1500015258789,-1.0,0,5000.0,6000.0
results_simulation_2012102422_cld2_0003_ch2_singleLayer.nc.nc,RESULTS_undisturbed/,1.7511421162879472,0.027782203183091377,0.027782203183091377,1.7426647041166197,0.020324344487887377,0.020324344487887377,18.747842697604337,3.643268914445273,3.643268914445273,51.23340794579468,4.167864747343504,4.167864747343504,21.88675795821093,4.600492008078176,4.600492008078176,51.57719780938798,0.6015559777287612,0.6015559777287612,73.46395576759892,5.202047985806938,5.202047985806938,0.17033611575707788,247.1500015258789,-1.0,1,5000.0,6000.0
results_simulation_2012102422_cld2_0004_ch2_R000HBR.nc.nc,RESULTS_undisturbed/,0.38510474146383444,0.014518830005784796,0.014518830005784796,0.36969841239421,0.014612678832574078,0.014612678832574078,16.13629948272241,1.796958404252409,1.796958404252409,61.442085042235824,1.9019306780737808,1.9019306780737808,4.142776960317879,0.6175315938686454,0.6175315938686454,13.152043660039956,0.5198490130367602,0.5198490130367602,17.294820620357836,1.1373806069054058,1.1373806069054058,0.4668452457191835,247.1500015258789,-1.0,1,5000.0,6000.0
results_simulation_2012102422_cld2_0004_ch2_R000P.nc.nc,RESULTS_undisturbed/,0.39157269102065756,0.015161851674533867,0.015161851674533867,0.3761499582935802,0.015094680972777512,0.015094680972777512,16.42012408986885,1.8438654286798146,1.8438654286798146,62.19091224230046,1.6447653524969117,1.6447653524969117,4.286448117842046,0.64731122247743,0.64731122247743,13.552166934950023,0.5438424319223977,0.5438424319223977,17.83861505279207,1.1911536543998276,1.1911536543998276,0.6191886156422206,247.1500015258789,-1.0,1,5000.0,6000.0
results_simulation_2012102422_cld2_0004_ch2_R000SC.nc.nc,RESULTS_undisturbed/,0.38640384221914886,0.015890615808951434,0.015890615808951434,0.38874354236391073,0.01524884172632181,0.01524884172632181,16.87721846155808,1.7617622590995932,1.7617622590995932,61.328126269830406,1.5292390646832024,1.5292390646832024,4.34761470634533,0.6326274003260881,0.6326274003260881,13.80198399543126,0.5413979357873607,0.5413979357873607,18.14959870177659,1.174025336113449,1.174025336113449,0.3885596620357533,247.1500015258789,-1.0,1,5000.0,6000.0
results_simulation_2012102422_cld2_0004_ch2_R050P.nc.nc,RESULTS_undisturbed/,0.38516239052563733,0.014777525814003272,0.014777525814003272,0.3752262050042542,0.014739300138337203,0.014739300138337203,16.476195687969227,1.8790168580466822,1.8790168580466822,62.03510344907592,1.6391893544661214,1.6391893544661214,4.230673945297616,0.6448026879858444,0.6448026879858444,13.48414604822933,0.5296739456192013,0.5296739456192013,17.714819993526945,1.1744766336050456,1.1744766336050456,0.5242891756641336,247.1500015258789,-1.0,1,5000.0,6000.0
results_simulation_2012102422_cld2_0004_ch2_R050SC.nc.nc,RESULTS_undisturbed/,0.3852828860110062,0.014097856476614287,0.014097856476614287,0.3852929894874543,0.013782319922498598,0.013782319922498598,16.329811863184684,1.8741545909453357,1.8741545909453357,61.567005923626226,0.26047658673532054,0.26047658673532054,4.19439802844304,0.6348633557116578,0.6348633557116578,13.736565959724777,0.49137115198159736,0.49137115198159736,17.930963988167818,1.1262345076932552,1.1262345076932552,0.3849103121899028,247.1500015258789,-1.0,1,5000.0,6000.0
results_simulation_2012102422_cld2_0004_ch2_singleLayer.nc.nc,RESULTS_undisturbed/,0.36579392372810315,0.016255792987198193,0.016255792987198193,0.4030191791140407,0.016817403434245582,0.016817403434245582,18.98367206339578,1.7147793986345856,1.7147793986345856,61.040072788376634,1.7950787037949656,1.7950787037949656,4.629407927224745,0.6239003518360543,0.6239003518360543,14.235562660389984,0.5940314495402512,0.5940314495402512,18.864970587614728,1.2179318013763054,1.2179318013763054,0.3622023014266489,247.1500015258789,-1.0,1,5000.0,6000.0
results_simulation_2012102422_cld2_0005_ch2_singleLayer.nc.nc,RESULTS_undisturbed/,0.040475666655181174,0.055381190237199444,0.055381190237199444,0.06648265967160119,0.053485551729952785,0.053485551729952785,16.056537507927594,3.084617262702692,3.084617262702692,18.177658524660895,3.693034199214915,3.693034199214915,0.43326603987152706,0.6760547322408252,0.6760547322408252,0.7043686368029629,0.5666680140059001,0.5666680140059001,1.13763467667449,1.2427227462467254,1.2427227462467254,0.456072100483558,247.1500015258789,-1.0,1,5000.0,6000.0
results_simulation_2012102422_cld2_0006_ch2_singleLayer.nc.nc,RESULTS_undisturbed/,0.7206712139290159,0.014536270053259717,0.014536270053259717,0.831902854748864,0.009286579761605787,0.009286579761605787,10.752192823912536,1.5190165943315703,1.5190165943315703,9.46617944287486,1.0556377158218495,1.0556377158218495,5.165863903205266,0.8340055410455773,0.8340055410455773,5.085646836630518,0.05677435234100646,0.05677435234100646,10.251510739835783,0.8907798933865838,0.8907798933865838,0.2993758664558486,247.1500015258789,-1.0,1,5000.0,6000.0
results_simulation_2012102805_cld1_0001_ch2_liqTopped.nc.nc,RESULTS_undisturbed/,0.43081755165038166,0.02561155310913309,0.02561155310913309,0.6555321717368665,0.026267395921264168,0.026267395921264168,17.28262751094965,1.506311578732667,1.506311578732667,24.11659107743564,2.0628141437608196,2.0628141437608196,4.963772846901905,0.7277202658228534,0.7277202658228534,9.058859756673893,0.36299579317698444,0.36299579317698444,14.022632603575797,1.090716058999838,1.090716058999838,0.33542291207306346,265.7199951171875,-1.0,1,400.0,800.0
results_simulation_2012102805_cld1_0001_ch2_multiLayer.nc.nc,RESULTS_undisturbed/,0.43652481474625665,0.0224953591342186,0.0224953591342186,0.6611914077022855,0.024529903219092222,0.024529903219092222,16.00040774838498,1.8591182231833434,1.8591182231833434,27.317310307803492,2.647313088730722,2.647313088730722,4.656383352152214,0.7809907710402352,0.7809907710402352,10.377369011170828,0.38500064195664996,0.38500064195664996,15.033752363323043,1.1659914129968851,1.1659914129968851,0.34640583856732804,265.7199951171875,-1.0,1,400.0,800.0
results_simulation_2012102805_cld1_0001_ch2_singleLayer.nc.nc,RESULTS_undisturbed/,0.4355091963784138,0.02261391255795097,0.02261391255795097,0.6622573193679898,0.02649725766710851,0.02649725766710851,15.912337668717546,1.679384737932416,1.679384737932416,27.357791079771903,2.524589720973328,2.524589720973328,4.61997959373676,0.7274851401733916,0.7274851401733916,10.408415174895776,0.41645076797692976,0.41645076797692976,15.028394768632536,1.1439359081503213,1.1439359081503213,0.33983539867174734,265.25,-1.0,1,600.0,700.0
results_simulation_2012102805_cld1_0001_ch2_thinBoundaries.nc.nc,RESULTS_undisturbed/,0.4323622265718447,0.01932692792434636,0.01932692792434636,0.6652506570499012,0.025152514673517767,0.025152514673517767,15.850822067655956,1.7553406876290376,1.7553406876290376,27.60359494246597,2.560485829834355,2.560485829834355,4.568864481443906,0.7101938024924459,0.7101938024924459,10.541006836270522,0.3985504775721681,0.3985504775721681,15.109871317714429,1.108744280064614,1.108744280064614,0.34384409117324743,265.7199951171875,-1.0,1,400.0,800.0
results_simulation_2012102805_cld1_0004_ch2_singleLayer.nc.nc,RESULTS_undisturbed/,2.349098472100366,0.02159543346979725,0.02159543346979725,0.09760128947029788,0.021619624674242312,0.021619624674242312,8.140171557840704,0.26217043777104365,0.26217043777104365,49.16325376986969,1.0179228072387811,1.0179228072387811,12.748043046105634,0.527769805405285,0.527769805405285,2.7681000295984175,0.613161059481221,0.613161059481221,15.51614307570405,1.140930864886506,1.140930864886506,0.5249449388354761,265.25,-1.0,1,600.0,700.0
results_simulation_2012102805_cld1_0004_ch2_thinBoundaries.nc.nc,RESULTS_undisturbed/,2.344158062752599,0.021951549783693375,0.021951549783693375,0.09504997945406811,0.022181484638788346,0.022181484638788346,8.192634095403086,0.26713057293434156,0.26713057293434156,49.83123779979325,0.972112162084225,0.972112162084225,12.803219513280657,0.5373582010377216,0.5373582010377216,2.727092892819512,0.6364124730470729,0.6364124730470729,15.530312406100169,1.1737706740847944,1.1737706740847944,0.5335927285296374,265.7199951171875,-1.0,1,400.0,800.0
results_simulation_2012102805_cld1_0005_ch2_multiLayer.nc.nc,RESULTS_undisturbed/,0.4353400598397462,0.07281020825595112,0.07281020825595112,5.848838035790536,0.07673837230020752,0.07673837230020752,19.817264063517136,1.1821882696382018,1.1821882696382018,16.11148374808483,2.596380825795857,2.596380825795857,5.751499282181068,1.305035357049333,1.305035357049333,55.44089712473729,0.7274493828720273,0.7274493828720273,61.192396406918355,2.0324847399213604,2.0324847399213604,0.05558018661175128,265.7199951171875,-1.0,1,400.0,800.0
results_simulation_2012110621_cld1_0003_ch2_multiLayer.nc.nc,RESULTS_undisturbed/,1.636296370435136,0.026317983832221583,0.026317983832221583,2.4422277112196737,0.031183476796406515,0.031183476796406515,9.996408752741665,1.3878754264833217,1.3878754264833217,17.911784439679064,2.3367461432766046,2.3367461432766046,10.904724906331474,1.6893738979371393,1.6893738979371393,25.49644306052884,0.32556573146035794,0.32556573146035794,36.401167966860314,2.0149396293974973,2.0149396293974973,0.09704759225613424,260.5,-1.0,1,1000.0,1600.0
results_simulation_2012110621_cld1_0003_ch2_singleLayer.nc.nc,RESULTS_undisturbed/,1.6084091827327585,0.033909629492924094,0.033909629492924094,2.416900757434537,0.03882130672079336,0.03882130672079336,10.113939501913674,1.810094518687587,1.810094518687587,17.99292214929588,2.9809713232901367,2.9809713232901367,10.84490211232102,2.1695550577967255,2.1695550577967255,25.315275405534333,0.4066443687533481,0.4066443687533481,36.16017751785535,2.5761994265500734,2.5761994265500734,0.09339586124219386,260.5500030517578,-1.0,1,1200.0,1400.0
results_simulation_2012110621_cld1_0003_ch2_thinBoundaries.nc.nc,RESULTS_undisturbed/,1.625396037565421,0.02089475095106457,0.02089475095106457,2.4293097077219974,0.023732174142239312,0.023732174142239312,10.052668570924952,0.8955592651652723,0.8955592651652723,17.922567399671,1.867070906713551,1.867070906713551,10.89304510809324,1.1104576581251364,1.1104576581251364,25.37278639825434,0.24788166147565172,0.24788166147565172,36.26583150634758,1.358339319600788,1.358339319600788,0.09640088438635769,260.5,-1.0,1,1000.0,1600.0
results_simulation_2012110621_cld1_0004_ch2_multiLayer.nc.nc,RESULTS_undisturbed/,1.48961084529492,0.0006485971533403512,0.0006485971533403512,2.267097122863678,0.000789247563948382,0.000789247563948382,1.0115767707112027,0.060639948607061366,0.060639948607061366,24.631302293134944,0.03934279247902714,0.03934279247902714,1.0045704856665465,0.06065735394471579,0.06065735394471579,32.086527062145144,0.011170594346971794,0.011170594346971794,33.09109754781169,0.07182794829168758,0.07182794829168758,18.99674759955787,260.5,-1.0,1,1000.0,1600.0
results_simulation_2012110621_cld1_0005_ch2_liqTopped.nc.nc,RESULTS_undisturbed/,1.4934198526565465,0.0006184726134686043,0.0006184726134686043,2.269981513474571,0.0007498938972125163,0.0007498938972125163,1.0005243477194463,0.0554998580146725,0.0554998580146725,23.854669787471174,0.03767867201108835,0.03767867201108835,0.9961352826336418,0.055668924457936315,0.055668924457936315,31.036117348838424,0.010253086210094927,0.010253086210094927,32.03225263147207,0.06592201066803124,0.06592201066803124,19.419932504585876,260.5,-1.0,1,1000.0,1600.0
results_simulation_2012110621_cld1_0005_ch2_multiLayer.nc.nc,RESULTS_undisturbed/,1.4946878895508313,0.0006191240277476074,0.0006191240277476074,2.271436893902068,0.0007508475542544483,0.0007508475542544483,1.0083511367479447,0.05500824866676563,0.05500824866676563,23.812116239531495,0.03783923949071144,0.03783923949071144,1.004780155007978,0.05522963834985501,0.05522963834985501,31.010938448328098,0.010251225955048833,0.010251225955048833,32.015718603336076,0.06548086430490384,0.06548086430490384,19.108277378825036,260.5,-1.0,1,1000.0,1600.0
results_simulation_2012110621_cld1_0005_ch2_singleLayer.nc.nc,RESULTS_undisturbed/,1.4944174779843094,0.0006272030145706978,0.0006272030145706978,2.2698671203564755,0.0007662361234113574,0.0007662361234113574,1.0009011244235486,0.06120033235891353,0.06120033235891353,23.83260834436368,0.0382097106129458,0.0382097106129458,0.9971760893817991,0.06139107635875648,0.06139107635875648,31.011238446591253,0.01046865702039367,0.01046865702039367,32.00841453597305,0.07185973337915015,0.07185973337915015,18.972120838858284,260.5500030517578,-1.0,1,1200.0,1400.0
results_simulation_2012110621_cld1_0005_ch2_thinBoundaries.nc.nc,RESULTS_undisturbed/,1.4946599741556232,0.0006191097062997671,0.0006191097062997671,2.271384622614933,0.0007509160613736042,0.0007509160613736042,1.0016327294929617,0.05501943808612566,0.05501943808612566,23.808954232966656,0.03780663818435132,0.03780663818435132,0.9980668997182508,0.05523698163522806,0.05523698163522806,31.00686286361817,0.01025104964302823,0.01025104964302823,32.00492976333642,0.0654880312782563,0.0654880312782563,19.099865984513464,260.5,-1.0,1,1000.0,1600.0
results_simulation_2012110621_cld1_0006_ch2_multiLayer.nc.nc,RESULTS_undisturbed/,1.4997957832206021,0.0007523981918369056,0.0007523981918369056,2.27788792544123,0.0009238032936110943,0.0009238032936110943,1.0030558038099777,0.07568758062368056,0.07568758062368056,24.024229793066585,0.045607350363468226,0.045607350363468226,1.0029192432594374,0.07618040775644239,0.07618040775644239,31.334425230557294,0.012708082671027124,0.012708082671027124,32.33734447381673,0.0888884904274695,0.0888884904274695,13.41315101776625,260.5,-1.0,1,1000.0,1600.0
results_simulation_2012110917_cld1_0001_ch2_singleLayer.nc.nc,RESULTS_undisturbed/,0.31783536952086056,0.09035185023292941,0.09035185023292941,1.1637557727369454,0.10261697129063954,0.10261697129063954,6.0060469632300615,2.485039841678854,2.485039841678854,49.209359459013506,9.642375320182683,9.642375320182683,1.2726227706119126,0.8883273413785082,0.8883273413785082,33.03276915894113,2.9127745260294082,2.9127745260294082,34.30539192955304,3.8011018674079162,3.8011018674079162,0.16275722597405198,260.40000915527344,-1.0,1,1200.0,1400.0
results_simulation_2012110917_cld1_0002_ch2_singleLayer.nc.nc,RESULTS_undisturbed/,0.0575554878132075,0.03034139498093747,0.03034139498093747,0.5169144083429511,0.02716460271084988,0.02716460271084988,12.735529625331425,1.1674006799557548,1.1674006799557548,11.123776854363514,0.6954820309285025,0.6954820309285025,0.48866641343033723,0.30240270017462323,0.30240270017462323,3.56736967495732,0.1874716773387036,0.1874716773387036,4.056036088387657,0.48987437751332685,0.48987437751332685,0.3582012616747014,260.40000915527344,-1.0,1,1200.0,1400.0
results_simulation_2012110917_cld1_0003_ch2_singleLayer.nc.nc,RESULTS_undisturbed/,0.23438471729571034,0.033164906938821195,0.033164906938821195,0.27707800665616616,0.029362230602679815,0.029362230602679815,9.868099693910068,1.5385643995488185,1.5385643995488185,18.81250243809948,1.98362431790121,1.98362431790121,1.5419545046686647,0.45859372656068764,0.45859372656068764,3.041520100803737,0.3223145332411735,0.3223145332411735,4.583474605472402,0.7809082598018611,0.7809082598018611,0.2607910429777021,260.40000915527344,-1.0,1,1200.0,1400.0
results_simulation_2012110917_cld1_0004_ch2_singleLayer.nc.nc,RESULTS_undisturbed/,0.3199228757521437,0.07097702285497716,0.07097702285497716,0.5787754936381388,0.07096851841799533,0.07096851841799533,17.197550956583008,3.0771079268174835,3.0771079268174835,26.647713002401773,3.4910877242618614,3.4910877242618614,3.667926638616043,1.4700454561614618,1.4700454561614618,8.865670836263787,1.0871001945763556,1.0871001945763556,12.53359747487983,2.5571456507378176,2.5571456507378176,0.19216929251053597,260.40000915527344,-1.0,1,1200.0,1400.0
results_simulation_2012110917_cld1_0005_ch2_singleLayer.nc.nc,RESULTS_undisturbed/,0.46503003491756645,0.010308569145600998,0.010308569145600998,0.4804420011001829,0.006679585205084437,0.006679585205084437,3.8820208774581366,0.2658707501473847,0.2658707501473847,8.330551079777791,0.4917177395577118,0.4917177395577118,1.2035042027967195,0.10910397657636117,0.10910397657636117,2.681324606191154,0.03727931849624872,0.03727931849624872,3.8848288089878737,0.1463832950726099,0.1463832950726099,0.5805559629000111,260.40000915527344,-1.0,1,1200.0,1400.0
results_simulation_2012110917_cld1_0006_ch2_singleLayer.nc.nc,RESULTS_undisturbed/,0.30595670945255893,0.04914275298564584,0.04914275298564584,0.3709551563605306,0.057194687317995783,0.057194687317995783,4.5442567183043305,2.052165879098055,2.052165879098055,16.716427742901082,3.5621503828928125,3.5621503828928125,0.9268972216267178,0.5674608033537667,0.5674608033537667,3.6541290786621827,0.5634057504488755,0.5634057504488755,4.581026300288901,1.1308665538026421,1.1308665538026421,0.2424802741125759,260.40000915527344,-1.0,1,1200.0,1400.0
results_simulation_2012111820_cld1_0001_ch2_liqTopped.nc.nc,RESULTS_undisturbed/,0.24881564615084462,0.06103120648350401,0.06103120648350401,0.2764016037137489,0.05183470532998887,0.05183470532998887,8.542721252136811,2.8211886656013054,2.8211886656013054,9.380759939739463,2.464168633464325,2.464168633464325,1.4170418054913152,0.815552310276805,0.815552310276805,1.6781953200336845,0.3147210775556288,0.3147210775556288,3.0952371255249997,1.1302733878324338,1.1302733878324338,0.23486479754111533,253.5,-1.0,1,300.0,500.0
results_simulation_2012111820_cld1_0001_ch2_multiLayer.nc.nc,RESULTS_undisturbed/,0.2575322349390111,0.03999057706056587,0.03999057706056587,0.27152352252626744,0.03409207903956365,0.03409207903956365,7.554275235222692,2.486591701974266,2.486591701974266,10.358217952548538,2.9111063573611933,2.9111063573611933,1.2969795897808822,0.6283182295474197,0.6283182295474197,1.7755366403400632,0.22293632345379047,0.22293632345379047,3.0725162301209457,0.8512545530012101,0.8512545530012101,0.23630463194513018,253.5,-1.0,1,300.0,500.0
results_simulation_2012111820_cld1_0001_ch2_singleLayer.nc.nc,RESULTS_undisturbed/,0.2508989540117449,0.061561553923247476,0.061561553923247476,0.2721207963519074,0.047377790220546896,0.047377790220546896,8.531263664137654,3.3880616280415197,3.3880616280415197,9.362119310482594,3.0703696289802225,3.0703696289802225,1.426990086487029,0.9168393111307991,0.9168393111307991,1.6496654916444253,0.2872191156186401,0.2872191156186401,3.0766555781314544,1.2040584267494392,1.2040584267494392,0.23538812549617005,253.0500030517578,-1.0,1,400.0,500.0
results_simulation_2012111820_cld1_0001_ch2_thinBoundaries.nc.nc,RESULTS_undisturbed/,0.2575322349390111,0.03999057706056587,0.03999057706056587,0.27152352252626744,0.03409207903956365,0.03409207903956365,7.554275235222692,2.486591701974266,2.486591701974266,10.358217952548538,2.9111063573611933,2.9111063573611933,1.2969795897808822,0.6283182295474197,0.6283182295474197,1.7755366403400632,0.22293632345379047,0.22293632345379047,3.0725162301209457,0.8512545530012101,0.8512545530012101,0.23630463194513018,253.5,-1.0,1,300.0,500.0
results_simulation_2012111820_cld1_0002_ch2_multiLayer.nc.nc,RESULTS_undisturbed/,2.399209865517796,0.09921114255724753,0.09921114255724753,3.599927512823374,0.0900220210641538,0.0900220210641538,10.900611862030892,3.496148382804112,3.496148382804112,41.235162463865784,7.983346166382021,7.983346166382021,17.435237013043217,6.312970565828589,6.312970565828589,85.57695233862677,2.140076990407899,2.140076990407899,103.01218935166999,8.453047556236488,8.453047556236488,0.048597598826662224,253.5,-1.0,1,300.0,500.0
results_simulation_2012111905_cld1_0004_ch2_multiLayer.nc.nc,RESULTS_undisturbed/,3.000015628243406,1.8723244797584906e-05,1.8723244797584906e-05,2.0000052413370653,2.8571624692023063e-05,2.8571624692023063e-05,4.990303109448479,0.010678532548891312,0.010678532548891312,19.99722228418015,0.0010104805004071745,0.0010104805004071745,9.980658212011399,0.021419466133408116,0.021419466133408116,23.128232339701604,0.0003304101636232952,0.0003304101636232952,33.108890551713,0.02174987629703141,0.02174987629703141,0.45844053766288356,253.375,-1.0,1,300.0,600.0
results_simulation_2012111905_cld1_0005_ch2_multiLayer.nc.nc,RESULTS_undisturbed/,3.022778681405635,0.01714835263045156,0.01714835263045156,1.7212782523718486,0.124359449842108,0.124359449842108,1.4709207080904434,0.20577746090708943,0.20577746090708943,11.039905292659327,1.392202897806394,1.392202897806394,2.964178505635916,0.4314957259583332,0.4314957259583332,11.794767574448603,0.8521603163716512,0.8521603163716512,14.758946080084518,1.2836560423299845,1.2836560423299845,0.3647657460510895,253.375,-1.0,1,300.0,600.0
results_simulation_2012112205_cld1_0001_ch2_multiLayer.nc.nc,RESULTS_undisturbed/,2.99457097734781,2.8688120095507975e-05,2.8688120095507975e-05,1.9909729383022385,5.04690394849615e-05,5.04690394849615e-05,1.003228372665133,0.02188303867783669,0.02188303867783669,20.216306910702095,0.0019220619521281383,0.0019220619521281383,2.00282571228992,0.04370606217124506,0.04370606217124506,23.30534257418561,0.000590777366554831,0.000590777366554831,25.308168286475528,0.044296839537799886,0.044296839537799886,22.17411058805761,253.0799987792969,-1.0,1,200.0,600.0
results_simulation_2012112205_cld1_0002_ch2_multiLayer.nc.nc,RESULTS_undisturbed/,0.2963558613744443,0.05845569124721177,0.05845569124721177,0.20896832216201672,0.08342443190911866,0.08342443190911866,5.708228314609736,3.153242013811604,3.153242013811604,14.425230939677876,3.517597002890958,3.517597002890958,1.1277779460654405,0.8454401233684294,0.8454401233684294,1.8031608846357883,0.7198611172572731,0.7198611172572731,2.930938830701229,1.5653012406257025,1.5653012406257025,0.25128415307034013,253.0799987792969,-1.0,1,200.0,600.0
results_simulation_2012112205_cld1_0003_ch2_multiLayer.nc.nc,RESULTS_undisturbed/,2.369464886420754,0.09555071282015008,0.09555071282015008,3.5659010727745217,0.0865458752476829,0.0865458752476829,5.570655865425202,1.2494895023430868,1.2494895023430868,24.012440688475255,7.418529603277036,7.418529603277036,8.799648978305889,2.3286010937136097,2.3286010937136097,49.02319633759344,1.189896102027078,1.189896102027078,57.82284531589933,3.5184971957406876,3.5184971957406876,0.0785736853651743,253.0799987792969,-1.0,1,200.0,600.0
results_simulation_2012112205_cld1_0004_ch2_multiLayer.nc.nc,RESULTS_undisturbed/,2.3695033701935704,0.03261742206528588,0.03261742206528588,3.6606991912163562,0.16647032255583324,0.16647032255583324,1.588112421241717,0.41476957900179795,0.41476957900179795,19.83530294031094,3.2519312370472004,3.2519312370472004,2.508691822919013,0.6897320322861952,0.6897320322861952,42.06872422839587,1.913108029886149,1.913108029886149,44.577416051314884,2.602840062172344,2.602840062172344,0.14818948437536236,253.0799987792969,-1.0,1,200.0,600.0
results_simulation_2012112205_cld1_0005_ch2_multiLayer.nc.nc,RESULTS_undisturbed/,2.393622118019346,2.773240412206949e-05,2.773240412206949e-05,3.589480075315549,4.785398113872346e-05,4.785398113872346e-05,1.0098786748676423,0.018083968000497885,0.018083968000497885,25.41976338646777,0.002337840763337708,0.002337840763337708,1.611511955119504,0.028876128100714344,0.028876128100714344,52.44957853033472,0.0006992676473037826,0.0006992676473037826,54.06109048545422,0.029575395748018127,0.029575395748018127,32.42270260448246,253.0799987792969,-1.0,1,200.0,600.0
results_simulation_2012112205_cld1_0006_ch2_multiLayer.nc.nc,RESULTS_undisturbed/,2.3935991153938825,6.29436467062774e-05,6.29436467062774e-05,3.5893883792431662,0.00010557971670345464,0.00010557971670345464,1.0029750154087684,0.039289096841048005,0.039289096841048005,25.397768887406144,0.0053566662180230176,0.0053566662180230176,1.600480073096396,0.06273698556558813,0.06273698556558813,52.405084444607624,0.0015415193447119466,0.0015415193447119466,54.00556451770402,0.06427850491030007,0.06427850491030007,12.879910802624314,253.0799987792969,-1.0,1,200.0,600.0
results_simulation_2012112205_cld1_0007_ch2_multiLayer.nc.nc,RESULTS_undisturbed/,2.39360602396354,2.780799438424667e-05,2.780799438424667e-05,3.5895381198426,4.791805529781004e-05,4.791805529781004e-05,1.036722501666983,0.018015709599030826,0.018015709599030826,25.42721303831373,0.002346419235065781,0.002346419235065781,1.6543368167790944,0.02876756013048156,0.02876756013048156,52.46500978580763,0.000700398652808561,0.000700398652808561,54.119346602586724,0.029467958783290123,0.029467958783290123,32.48822003584058,253.0799987792969,-1.0,1,200.0,600.0
results_simulation_2012112205_cld1_0008_ch2_multiLayer.nc.nc,RESULTS_undisturbed/,2.393432015176298,3.2826787624821606e-05,3.2826787624821606e-05,3.5892317159198117,5.582103714822786e-05,5.582103714822786e-05,1.0384053342610016,0.020818134407238332,0.020818134407238332,25.415600013366657,0.002736624905195554,0.002736624905195554,1.6569017145000837,0.03324058459860248,0.03324058459860248,52.43779266090356,0.0008155597233214859,0.0008155597233214859,54.09469437540365,0.03405614432192396,0.03405614432192396,27.99962613257682,253.0799987792969,-1.0,1,200.0,600.0
